0_x,0_vx,1_x,1_vx,2_x,2_vx,3_x,3_vx
5.0,4.0,10.0,1.0,17.0,-5.0,19.0,-4.0
5.04,4.0,10.01,1.0,16.95,-5.0,18.96,-4.0
5.08,4.0,10.02,1.0,16.9,-5.0,18.92,-4.0
5.12,4.0,10.03,1.0,16.849999999999998,-5.0,18.880000000000003,-4.0
5.16,4.0,10.04,1.0,16.799999999999997,-5.0,18.840000000000003,-4.0
5.2,4.0,10.049999999999999,1.0,16.749999999999996,-5.0,18.800000000000004,-4.0
5.24,4.0,10.059999999999999,1.0,16.699999999999996,-5.0,18.760000000000005,-4.0
5.28,4.0,10.069999999999999,1.0,16.649999999999995,-5.0,18.720000000000006,-4.0
5.32,4.0,10.079999999999998,1.0,16.599999999999994,-5.0,18.680000000000007,-4.0
5.36,4.0,10.089999999999998,1.0,16.549999999999994,-5.0,18.640000000000008,-4.0
5.4,4.0,10.099999999999998,1.0,16.499999999999993,-5.0,18.60000000000001,-4.0
5.44,4.0,10.109999999999998,1.0,16.449999999999992,-5.0,18.56000000000001,-4.0
5.48,4.0,10.119999999999997,1.0,16.39999999999999,-5.0,18.52000000000001,-4.0
5.5200000000000005,4.0,10.129999999999997,1.0,16.34999999999999,-5.0,18.48000000000001,-4.0
5.5600000000000005,4.0,10.139999999999997,1.0,16.29999999999999,-5.0,18.440000000000012,-4.0
5.6000000000000005,4.0,10.149999999999997,1.0,16.24999999999999,-5.0,18.400000000000013,-4.0
5.640000000000001,4.0,10.159999999999997,1.0,16.19999999999999,-5.0,18.360000000000014,-4.0
5.680000000000001,4.0,10.169999999999996,1.0,16.149999999999988,-5.0,18.320000000000014,-4.0
5.720000000000001,4.0,10.179999999999996,1.0,16.099999999999987,-5.0,18.280000000000015,-4.0
5.760000000000001,4.0,10.189999999999996,1.0,16.049999999999986,-5.0,18.240000000000016,-4.0
5.800000000000001,4.0,10.199999999999996,1.0,15.999999999999986,-5.0,18.200000000000017,-4.0
5.840000000000001,4.0,10.209999999999996,1.0,15.949999999999985,-5.0,18.160000000000018,-4.0
5.880000000000001,4.0,10.219999999999995,1.0,15.899999999999984,-5.0,18.12000000000002,-4.0
5.920000000000001,4.0,10.229999999999995,1.0,15.849999999999984,-5.0,18.08000000000002,-4.0
5.960000000000001,4.0,10.239999999999995,1.0,15.799999999999983,-5.0,18.04000000000002,-4.0
6.000000000000001,4.0,10.249999999999995,1.0,15.749999999999982,-5.0,18.00000000000002,-4.0
6.040000000000001,4.0,10.259999999999994,1.0,15.699999999999982,-5.0,17.960000000000022,-4.0
6.080000000000001,4.0,10.269999999999994,1.0,15.64999999999998,-5.0,17.920000000000023,-4.0
6.120000000000001,4.0,10.279999999999994,1.0,15.59999999999998,-5.0,17.880000000000024,-4.0
6.160000000000001,4.0,10.289999999999994,1.0,15.54999999999998,-5.0,17.840000000000025,-4.0
6.200000000000001,4.0,10.299999999999994,1.0,15.499999999999979,-5.0,17.800000000000026,-4.0
6.240000000000001,4.0,10.309999999999993,1.0,15.449999999999978,-5.0,17.760000000000026,-4.0
6.280000000000001,4.0,10.319999999999993,1.0,15.399999999999977,-5.0,17.720000000000027,-4.0
6.320000000000001,4.0,10.329999999999993,1.0,15.349999999999977,-5.0,17.680000000000028,-4.0
6.360000000000001,4.0,10.339999999999993,1.0,15.299999999999976,-5.0,17.64000000000003,-4.0
6.400000000000001,4.0,10.349999999999993,1.0,15.249999999999975,-5.0,17.60000000000003,-4.0
6.440000000000001,4.0,10.359999999999992,1.0,15.199999999999974,-5.0,17.56000000000003,-4.0
6.480000000000001,4.0,10.369999999999992,1.0,15.149999999999974,-5.0,17.52000000000003,-4.0
6.520000000000001,4.0,10.379999999999992,1.0,15.099999999999973,-5.0,17.480000000000032,-4.0
6.560000000000001,4.0,10.389999999999992,1.0,15.049999999999972,-5.0,17.440000000000033,-4.0
6.600000000000001,4.0,10.399999999999991,1.0,14.999999999999972,-5.0,17.400000000000034,-4.0
6.6400000000000015,4.0,10.409999999999991,1.0,14.94999999999997,-5.0,17.360000000000035,-4.0
6.6800000000000015,4.0,10.419999999999991,1.0,14.89999999999997,-5.0,17.320000000000036,-4.0
6.7200000000000015,4.0,10.42999999999999,1.0,14.84999999999997,-5.0,17.280000000000037,-4.0
6.760000000000002,4.0,10.43999999999999,1.0,14.799999999999969,-5.0,17.240000000000038,-4.0
6.800000000000002,4.0,10.44999999999999,1.0,14.749999999999968,-5.0,17.20000000000004,-4.0
6.840000000000002,4.0,10.45999999999999,1.0,14.699999999999967,-5.0,17.16000000000004,-4.0
6.880000000000002,4.0,10.46999999999999,1.0,14.649999999999967,-5.0,17.12000000000004,-4.0
6.920000000000002,4.0,10.47999999999999,1.0,14.599999999999966,-5.0,17.08000000000004,-4.0
6.960000000000002,4.0,10.48999999999999,1.0,14.549999999999965,-5.0,17.040000000000042,-4.0
7.000000000000002,4.0,10.49999999999999,1.0,14.499999999999964,-5.0,17.000000000000043,-4.0
7.040000000000002,4.0,10.50999999999999,1.0,14.449999999999964,-5.0,16.960000000000043,-4.0
7.080000000000002,4.0,10.519999999999989,1.0,14.399999999999963,-5.0,16.920000000000044,-4.0
7.120000000000002,4.0,10.529999999999989,1.0,14.349999999999962,-5.0,16.880000000000045,-4.0
7.160000000000002,4.0,10.539999999999988,1.0,14.299999999999962,-5.0,16.840000000000046,-4.0
7.200000000000002,4.0,10.549999999999988,1.0,14.249999999999961,-5.0,16.800000000000047,-4.0
7.240000000000002,4.0,10.559999999999988,1.0,14.19999999999996,-5.0,16.760000000000048,-4.0
7.280000000000002,4.0,10.569999999999988,1.0,14.14999999999996,-5.0,16.72000000000005,-4.0
7.320000000000002,4.0,10.579999999999988,1.0,14.099999999999959,-5.0,16.68000000000005,-4.0
7.360000000000002,4.0,10.589999999999987,1.0,14.049999999999958,-5.0,16.64000000000005,-4.0
7.400000000000002,4.0,10.599999999999987,1.0,13.999999999999957,-5.0,16.60000000000005,-4.0
7.440000000000002,4.0,10.609999999999987,1.0,13.949999999999957,-5.0,16.560000000000052,-4.0
7.480000000000002,4.0,10.619999999999987,1.0,13.899999999999956,-5.0,16.520000000000053,-4.0
7.520000000000002,4.0,10.629999999999987,1.0,13.849999999999955,-5.0,16.480000000000054,-4.0
7.560000000000002,4.0,10.639999999999986,1.0,13.799999999999955,-5.0,16.440000000000055,-4.0
7.600000000000002,4.0,10.649999999999986,1.0,13.749999999999954,-5.0,16.400000000000055,-4.0
7.640000000000002,4.0,10.659999999999986,1.0,13.699999999999953,-5.0,16.360000000000056,-4.0
7.680000000000002,4.0,10.669999999999986,1.0,13.649999999999952,-5.0,16.320000000000057,-4.0
7.720000000000002,4.0,10.679999999999986,1.0,13.599999999999952,-5.0,16.280000000000058,-4.0
7.7600000000000025,4.0,10.689999999999985,1.0,13.549999999999951,-5.0,16.24000000000006,-4.0
7.8000000000000025,4.0,10.699999999999985,1.0,13.49999999999995,-5.0,16.20000000000006,-4.0
7.8400000000000025,4.0,10.709999999999985,1.0,13.44999999999995,-5.0,16.16000000000006,-4.0
7.880000000000003,4.0,10.719999999999985,1.0,13.399999999999949,-5.0,16.12000000000006,-4.0
7.920000000000003,4.0,10.729999999999984,1.0,13.349999999999948,-5.0,16.080000000000062,-4.0
7.960000000000003,4.0,10.739999999999984,1.0,13.299999999999947,-5.0,16.040000000000063,-4.0
8.000000000000002,4.0,10.749999999999984,1.0,13.249999999999947,-5.0,16.000000000000064,-4.0
8.040000000000001,4.0,10.759999999999984,1.0,13.199999999999946,-5.0,15.960000000000065,-4.0
8.08,4.0,10.769999999999984,1.0,13.149999999999945,-5.0,15.920000000000066,-4.0
8.12,4.0,10.779999999999983,1.0,13.099999999999945,-5.0,15.880000000000067,-4.0
8.159999999999998,4.0,10.789999999999983,1.0,13.049999999999944,-5.0,15.840000000000067,-4.0
8.199999999999998,4.0,10.799999999999983,1.0,12.999999999999943,-5.0,15.800000000000068,-4.0
8.239999999999997,4.0,10.809999999999983,1.0,12.949999999999942,-5.0,15.760000000000069,-4.0
8.279999999999996,4.0,10.819999999999983,1.0,12.899999999999942,-5.0,15.72000000000007,-4.0
8.319999999999995,4.0,10.829999999999982,1.0,12.849999999999941,-5.0,15.68000000000007,-4.0
8.359999999999994,4.0,10.839999999999982,1.0,12.79999999999994,-5.0,15.640000000000072,-4.0
8.399999999999993,4.0,10.849999999999982,1.0,12.74999999999994,-5.0,15.600000000000072,-4.0
8.439999999999992,4.0,10.859999999999982,1.0,12.699999999999939,-5.0,15.560000000000073,-4.0
8.479999999999992,4.0,10.869999999999981,1.0,12.649999999999938,-5.0,15.520000000000074,-4.0
8.51999999999999,4.0,10.879999999999981,1.0,12.599999999999937,-5.0,15.480000000000075,-4.0
8.55999999999999,4.0,10.889999999999981,1.0,12.549999999999937,-5.0,15.440000000000076,-4.0
8.599999999999989,4.0,10.89999999999998,1.0,12.499999999999936,-5.0,15.400000000000077,-4.0
8.639999999999988,4.0,10.90999999999998,1.0,12.449999999999935,-5.0,15.360000000000078,-4.0
8.679999999999987,4.0,10.91999999999998,1.0,12.399999999999935,-5.0,15.320000000000078,-4.0
8.719999999999986,4.0,10.92999999999998,1.0,12.349999999999934,-5.0,15.28000000000008,-4.0
8.759999999999986,4.0,10.93999999999998,1.0,12.299999999999933,-5.0,15.24000000000008,-4.0
8.799999999999985,4.0,10.94999999999998,1.0,12.249999999999932,-5.0,15.200000000000081,-4.0
8.839999999999984,4.0,10.95999999999998,1.0,12.199999999999932,-5.0,15.160000000000082,-4.0
8.879999999999983,4.0,10.96999999999998,1.0,12.149999999999931,-5.0,15.120000000000083,-4.0
8.919999999999982,4.0,10.979999999999979,1.0,12.09999999999993,-5.0,15.080000000000084,-4.0
8.959999999999981,4.0,10.989999999999979,1.0,12.04999999999993,-5.0,15.040000000000084,-4.0
8.99999999999998,4.0,10.999999999999979,1.0,11.999999999999929,-5.0,15.000000000000085,-4.0
9.03999999999998,4.0,10.949999999999978,-5.0,12.009999999999929,1.0,14.960000000000086,-4.0
9.079999999999979,4.0,10.899999999999977,-5.0,12.019999999999929,1.0,14.920000000000087,-4.0
9.119999999999978,4.0,10.849999999999977,-5.0,12.029999999999928,1.0,14.880000000000088,-4.0
9.159999999999977,4.0,10.799999999999976,-5.0,12.039999999999928,1.0,14.840000000000089,-4.0
9.199999999999976,4.0,10.749999999999975,-5.0,12.049999999999928,1.0,14.80000000000009,-4.0
9.239999999999975,4.0,10.699999999999974,-5.0,12.059999999999928,1.0,14.76000000000009,-4.0
9.279999999999974,4.0,10.649999999999974,-5.0,12.069999999999927,1.0,14.720000000000091,-4.0
9.319999999999974,4.0,10.599999999999973,-5.0,12.079999999999927,1.0,14.680000000000092,-4.0
9.359999999999973,4.0,10.549999999999972,-5.0,12.089999999999927,1.0,14.640000000000093,-4.0
9.399999999999972,4.0,10.499999999999972,-5.0,12.099999999999927,1.0,14.600000000000094,-4.0
9.439999999999971,4.0,10.44999999999997,-5.0,12.109999999999927,1.0,14.560000000000095,-4.0
9.47999999999997,4.0,10.39999999999997,-5.0,12.119999999999926,1.0,14.520000000000095,-4.0
9.42999999999997,-5.0,10.43999999999997,-5.0,12.129999999999926,1.0,14.480000000000096,-4.0
9.379999999999969,-5.0,10.479999999999968,4.0,12.139999999999926,1.0,14.440000000000097,-4.0
9.329999999999968,-5.0,10.519999999999968,4.0,12.149999999999926,1.0,14.400000000000098,-4.0
9.279999999999967,-5.0,10.559999999999967,4.0,12.159999999999926,1.0,14.360000000000099,-4.0
9.229999999999967,-5.0,10.599999999999966,4.0,12.169999999999925,1.0,14.3200000000001,-4.0
9.179999999999966,-5.0,10.639999999999965,4.0,12.179999999999925,1.0,14.2800000000001,-4.0
9.129999999999965,-5.0,10.679999999999964,4.0,12.189999999999925,1.0,14.240000000000101,-4.0
9.079999999999965,-5.0,10.719999999999963,4.0,12.199999999999925,1.0,14.200000000000102,-4.0
9.029999999999964,-5.0,10.759999999999962,4.0,12.209999999999924,1.0,14.160000000000103,-4.0
8.979999999999963,-5.0,10.799999999999962,4.0,12.219999999999924,1.0,14.120000000000104,-4.0
8.929999999999962,-5.0,10.83999999999996,4.0,12.229999999999924,1.0,14.080000000000105,-4.0
8.879999999999962,-5.0,10.87999999999996,4.0,12.239999999999924,1.0,14.040000000000106,-4.0
8.829999999999961,-5.0,10.919999999999959,4.0,12.249999999999924,1.0,14.000000000000107,-4.0
8.77999999999996,-5.0,10.959999999999958,4.0,12.259999999999923,1.0,13.960000000000107,-4.0
8.72999999999996,-5.0,10.999999999999957,4.0,12.269999999999923,1.0,13.920000000000108,-4.0
8.679999999999959,-5.0,11.039999999999957,4.0,12.279999999999923,1.0,13.88000000000011,-4.0
8.629999999999958,-5.0,11.079999999999956,4.0,12.289999999999923,1.0,13.84000000000011,-4.0
8.579999999999957,-5.0,11.119999999999955,4.0,12.299999999999923,1.0,13.80000000000011,-4.0
8.529999999999957,-5.0,11.159999999999954,4.0,12.309999999999922,1.0,13.760000000000112,-4.0
8.479999999999956,-5.0,11.199999999999953,4.0,12.319999999999922,1.0,13.720000000000113,-4.0
8.429999999999955,-5.0,11.239999999999952,4.0,12.329999999999922,1.0,13.680000000000113,-4.0
8.379999999999955,-5.0,11.279999999999951,4.0,12.339999999999922,1.0,13.640000000000114,-4.0
8.329999999999954,-5.0,11.31999999999995,4.0,12.349999999999921,1.0,13.600000000000115,-4.0
8.279999999999953,-5.0,11.35999999999995,4.0,12.359999999999921,1.0,13.560000000000116,-4.0
8.229999999999952,-5.0,11.36999999999995,4.0,12.39999999999992,1.0,13.520000000000117,-4.0
8.179999999999952,-5.0,11.37999999999995,4.0,12.43999999999992,4.0,13.480000000000118,-4.0
8.129999999999951,-5.0,11.389999999999949,1.0,12.479999999999919,4.0,13.440000000000119,-4.0
8.07999999999995,-5.0,11.399999999999949,1.0,12.43999999999992,4.0,13.480000000000118,4.0
8.02999999999995,-5.0,11.409999999999949,1.0,12.39999999999992,4.0,13.520000000000117,4.0
7.97999999999995,-5.0,11.36999999999995,1.0,12.40999999999992,-4.0,13.560000000000116,4.0
7.92999999999995,-5.0,11.32999999999995,1.0,12.41999999999992,-4.0,13.600000000000115,4.0
7.87999999999995,-5.0,11.289999999999951,1.0,12.42999999999992,-4.0,13.640000000000114,4.0
7.82999999999995,-5.0,11.249999999999952,-4.0,12.43999999999992,1.0,13.680000000000113,4.0
7.7799999999999505,-5.0,11.209999999999953,-4.0,12.44999999999992,1.0,13.720000000000113,4.0
7.729999999999951,-5.0,11.169999999999954,-4.0,12.45999999999992,1.0,13.760000000000112,4.0
7.679999999999951,-5.0,11.129999999999955,-4.0,12.469999999999919,1.0,13.80000000000011,4.0
7.629999999999951,-5.0,11.089999999999955,-4.0,12.479999999999919,1.0,13.84000000000011,4.0
7.579999999999951,-5.0,11.049999999999956,-4.0,12.489999999999919,1.0,13.88000000000011,4.0
7.529999999999951,-5.0,11.009999999999957,-4.0,12.499999999999918,1.0,13.920000000000108,4.0
7.479999999999952,-5.0,10.969999999999958,-4.0,12.509999999999918,1.0,13.960000000000107,4.0
7.429999999999952,-5.0,10.929999999999959,-4.0,12.519999999999918,1.0,14.000000000000107,4.0
7.379999999999952,-5.0,10.88999999999996,-4.0,12.529999999999918,1.0,14.040000000000106,4.0
7.329999999999952,-5.0,10.84999999999996,-4.0,12.539999999999917,1.0,14.080000000000105,4.0
7.279999999999952,-5.0,10.809999999999961,-4.0,12.549999999999917,1.0,14.120000000000104,4.0
7.2299999999999525,-5.0,10.769999999999962,-4.0,12.559999999999917,1.0,14.160000000000103,4.0
7.179999999999953,-5.0,10.729999999999963,-4.0,12.569999999999917,1.0,14.200000000000102,4.0
7.129999999999953,-5.0,10.689999999999964,-4.0,12.579999999999917,1.0,14.240000000000101,4.0
7.079999999999953,-5.0,10.649999999999965,-4.0,12.589999999999916,1.0,14.2800000000001,4.0
7.029999999999953,-5.0,10.609999999999966,-4.0,12.599999999999916,1.0,14.3200000000001,4.0
6.979999999999953,-5.0,10.569999999999967,-4.0,12.609999999999916,1.0,14.360000000000099,4.0
6.9299999999999535,-5.0,10.529999999999967,-4.0,12.619999999999916,1.0,14.400000000000098,4.0
6.879999999999954,-5.0,10.489999999999968,-4.0,12.629999999999916,1.0,14.440000000000097,4.0
6.829999999999954,-5.0,10.449999999999969,-4.0,12.639999999999915,1.0,14.480000000000096,4.0
6.779999999999954,-5.0,10.40999999999997,-4.0,12.649999999999915,1.0,14.520000000000095,4.0
6.729999999999954,-5.0,10.36999999999997,-4.0,12.659999999999915,1.0,14.560000000000095,4.0
6.679999999999954,-5.0,10.329999999999972,-4.0,12.669999999999915,1.0,14.600000000000094,4.0
6.629999999999955,-5.0,10.289999999999973,-4.0,12.679999999999914,1.0,14.640000000000093,4.0
6.579999999999955,-5.0,10.249999999999973,-4.0,12.689999999999914,1.0,14.680000000000092,4.0
6.529999999999955,-5.0,10.209999999999974,-4.0,12.699999999999914,1.0,14.720000000000091,4.0
6.479999999999955,-5.0,10.169999999999975,-4.0,12.709999999999914,1.0,14.76000000000009,4.0
6.429999999999955,-5.0,10.129999999999976,-4.0,12.719999999999914,1.0,14.80000000000009,4.0
6.3799999999999555,-5.0,10.089999999999977,-4.0,12.729999999999913,1.0,14.840000000000089,4.0
6.329999999999956,-5.0,10.049999999999978,-4.0,12.739999999999913,1.0,14.880000000000088,4.0
6.279999999999956,-5.0,10.009999999999978,-4.0,12.749999999999913,1.0,14.920000000000087,4.0
6.229999999999956,-5.0,9.96999999999998,-4.0,12.759999999999913,1.0,14.960000000000086,4.0
6.179999999999956,-5.0,9.92999999999998,-4.0,12.769999999999913,1.0,15.000000000000085,4.0
6.129999999999956,-5.0,9.889999999999981,-4.0,12.779999999999912,1.0,15.040000000000084,4.0
6.0799999999999566,-5.0,9.849999999999982,-4.0,12.789999999999912,1.0,15.080000000000084,4.0
6.029999999999957,-5.0,9.809999999999983,-4.0,12.799999999999912,1.0,15.120000000000083,4.0
5.979999999999957,-5.0,9.769999999999984,-4.0,12.809999999999912,1.0,15.160000000000082,4.0
5.929999999999957,-5.0,9.729999999999984,-4.0,12.819999999999911,1.0,15.200000000000081,4.0
5.879999999999957,-5.0,9.689999999999985,-4.0,12.829999999999911,1.0,15.24000000000008,4.0
5.829999999999957,-5.0,9.649999999999986,-4.0,12.839999999999911,1.0,15.28000000000008,4.0
5.779999999999958,-5.0,9.609999999999987,-4.0,12.84999999999991,1.0,15.320000000000078,4.0
5.729999999999958,-5.0,9.569999999999988,-4.0,12.85999999999991,1.0,15.360000000000078,4.0
5.679999999999958,-5.0,9.529999999999989,-4.0,12.86999999999991,1.0,15.400000000000077,4.0
5.629999999999958,-5.0,9.48999999999999,-4.0,12.87999999999991,1.0,15.440000000000076,4.0
5.579999999999958,-5.0,9.44999999999999,-4.0,12.88999999999991,1.0,15.480000000000075,4.0
5.5299999999999585,-5.0,9.409999999999991,-4.0,12.89999999999991,1.0,15.520000000000074,4.0
5.479999999999959,-5.0,9.369999999999992,-4.0,12.90999999999991,1.0,15.560000000000073,4.0
5.429999999999959,-5.0,9.329999999999993,-4.0,12.91999999999991,1.0,15.600000000000072,4.0
5.379999999999959,-5.0,9.289999999999994,-4.0,12.92999999999991,1.0,15.640000000000072,4.0
5.329999999999959,-5.0,9.249999999999995,-4.0,12.939999999999909,1.0,15.68000000000007,4.0
5.279999999999959,-5.0,9.209999999999996,-4.0,12.949999999999909,1.0,15.72000000000007,4.0
5.22999999999996,-5.0,9.169999999999996,-4.0,12.959999999999908,1.0,15.760000000000069,4.0
5.17999999999996,-5.0,9.129999999999997,-4.0,12.969999999999908,1.0,15.800000000000068,4.0
5.12999999999996,-5.0,9.089999999999998,-4.0,12.979999999999908,1.0,15.840000000000067,4.0
5.07999999999996,-5.0,9.049999999999999,-4.0,12.989999999999908,1.0,15.880000000000067,4.0
5.02999999999996,-5.0,9.01,-4.0,12.999999999999908,1.0,15.920000000000066,4.0
4.9799999999999605,-5.0,8.97,-4.0,13.009999999999907,1.0,15.960000000000065,4.0
4.929999999999961,-5.0,8.930000000000001,-4.0,13.019999999999907,1.0,16.000000000000064,4.0
4.879999999999961,-5.0,8.890000000000002,-4.0,13.029999999999907,1.0,16.040000000000063,4.0
4.829999999999961,-5.0,8.850000000000003,-4.0,13.039999999999907,1.0,16.080000000000062,4.0
4.779999999999961,-5.0,8.810000000000004,-4.0,13.049999999999907,1.0,16.12000000000006,4.0
4.729999999999961,-5.0,8.770000000000005,-4.0,13.059999999999906,1.0,16.16000000000006,4.0
4.6799999999999615,-5.0,8.730000000000006,-4.0,13.069999999999906,1.0,16.20000000000006,4.0
4.629999999999962,-5.0,8.690000000000007,-4.0,13.079999999999906,1.0,16.24000000000006,4.0
4.579999999999962,-5.0,8.650000000000007,-4.0,13.089999999999906,1.0,16.280000000000058,4.0
4.529999999999962,-5.0,8.610000000000008,-4.0,13.099999999999905,1.0,16.320000000000057,4.0
4.479999999999962,-5.0,8.57000000000001,-4.0,13.109999999999905,1.0,16.360000000000056,4.0
4.429999999999962,-5.0,8.53000000000001,-4.0,13.119999999999905,1.0,16.400000000000055,4.0
4.379999999999963,-5.0,8.49000000000001,-4.0,13.129999999999905,1.0,16.440000000000055,4.0
4.329999999999963,-5.0,8.450000000000012,-4.0,13.139999999999905,1.0,16.480000000000054,4.0
4.279999999999963,-5.0,8.410000000000013,-4.0,13.149999999999904,1.0,16.520000000000053,4.0
4.229999999999963,-5.0,8.370000000000013,-4.0,13.159999999999904,1.0,16.560000000000052,4.0
4.179999999999963,-5.0,8.330000000000014,-4.0,13.169999999999904,1.0,16.60000000000005,4.0
4.1299999999999635,-5.0,8.290000000000015,-4.0,13.179999999999904,1.0,16.64000000000005,4.0
4.079999999999964,-5.0,8.250000000000016,-4.0,13.189999999999904,1.0,16.68000000000005,4.0
4.029999999999964,-5.0,8.210000000000017,-4.0,13.199999999999903,1.0,16.72000000000005,4.0
3.979999999999964,-5.0,8.170000000000018,-4.0,13.209999999999903,1.0,16.760000000000048,4.0
3.929999999999964,-5.0,8.130000000000019,-4.0,13.219999999999903,1.0,16.800000000000047,4.0
3.8799999999999644,-5.0,8.09000000000002,-4.0,13.229999999999903,1.0,16.840000000000046,4.0
3.8299999999999645,-5.0,8.05000000000002,-4.0,13.239999999999903,1.0,16.880000000000045,4.0
3.7799999999999647,-5.0,8.010000000000021,-4.0,13.249999999999902,1.0,16.920000000000044,4.0
3.729999999999965,-5.0,7.970000000000021,-4.0,13.259999999999902,1.0,16.960000000000043,4.0
3.679999999999965,-5.0,7.930000000000021,-4.0,13.269999999999902,1.0,17.000000000000043,4.0
3.6299999999999653,-5.0,7.890000000000021,-4.0,13.279999999999902,1.0,17.040000000000042,4.0
3.5799999999999654,-5.0,7.850000000000021,-4.0,13.289999999999901,1.0,17.08000000000004,4.0
3.5299999999999656,-5.0,7.810000000000021,-4.0,13.299999999999901,1.0,17.12000000000004,4.0
3.479999999999966,-5.0,7.770000000000021,-4.0,13.309999999999901,1.0,17.16000000000004,4.0
3.429999999999966,-5.0,7.730000000000021,-4.0,13.3199999999999,1.0,17.20000000000004,4.0
3.379999999999966,-5.0,7.690000000000021,-4.0,13.3299999999999,1.0,17.240000000000038,4.0
3.3299999999999663,-5.0,7.650000000000021,-4.0,13.3399999999999,1.0,17.280000000000037,4.0
3.2799999999999665,-5.0,7.610000000000021,-4.0,13.3499999999999,1.0,17.320000000000036,4.0
3.2299999999999667,-5.0,7.570000000000021,-4.0,13.3599999999999,1.0,17.360000000000035,4.0
3.179999999999967,-5.0,7.530000000000021,-4.0,13.3699999999999,1.0,17.400000000000034,4.0
3.129999999999967,-5.0,7.490000000000021,-4.0,13.3799999999999,1.0,17.440000000000033,4.0
3.079999999999967,-5.0,7.450000000000021,-4.0,13.3899999999999,1.0,17.480000000000032,4.0
3.0299999999999674,-5.0,7.410000000000021,-4.0,13.399999999999899,1.0,17.52000000000003,4.0
2.9799999999999676,-5.0,7.3700000000000205,-4.0,13.409999999999899,1.0,17.56000000000003,4.0
2.9299999999999677,-5.0,7.3300000000000205,-4.0,13.419999999999899,1.0,17.60000000000003,4.0
2.879999999999968,-5.0,7.2900000000000205,-4.0,13.429999999999898,1.0,17.64000000000003,4.0
2.829999999999968,-5.0,7.25000000000002,-4.0,13.439999999999898,1.0,17.680000000000028,4.0
2.7799999999999683,-5.0,7.21000000000002,-4.0,13.449999999999898,1.0,17.720000000000027,4.0
2.7299999999999685,-5.0,7.17000000000002,-4.0,13.459999999999898,1.0,17.760000000000026,4.0
2.6799999999999686,-5.0,7.13000000000002,-4.0,13.469999999999898,1.0,17.800000000000026,4.0
2.629999999999969,-5.0,7.09000000000002,-4.0,13.479999999999897,1.0,17.840000000000025,4.0
2.579999999999969,-5.0,7.05000000000002,-4.0,13.489999999999897,1.0,17.880000000000024,4.0
2.529999999999969,-5.0,7.01000000000002,-4.0,13.499999999999897,1.0,17.920000000000023,4.0
2.4799999999999693,-5.0,6.97000000000002,-4.0,13.509999999999897,1.0,17.960000000000022,4.0
2.4299999999999695,-5.0,6.93000000000002,-4.0,13.519999999999897,1.0,18.00000000000002,4.0
2.3799999999999697,-5.0,6.89000000000002,-4.0,13.529999999999896,1.0,18.04000000000002,4.0
2.32999999999997,-5.0,6.85000000000002,-4.0,13.539999999999896,1.0,18.08000000000002,4.0
2.27999999999997,-5.0,6.81000000000002,-4.0,13.549999999999896,1.0,18.12000000000002,4.0
2.2299999999999702,-5.0,6.77000000000002,-4.0,13.559999999999896,1.0,18.160000000000018,4.0
2.1799999999999704,-5.0,6.73000000000002,-4.0,13.569999999999895,1.0,18.200000000000017,4.0
2.1299999999999706,-5.0,6.69000000000002,-4.0,13.579999999999895,1.0,18.240000000000016,4.0
2.0799999999999708,-5.0,6.65000000000002,-4.0,13.589999999999895,1.0,18.280000000000015,4.0
2.029999999999971,-5.0,6.61000000000002,-4.0,13.599999999999895,1.0,18.320000000000014,4.0
1.979999999999971,-5.0,6.57000000000002,-4.0,13.609999999999895,1.0,18.360000000000014,4.0
1.9299999999999708,-5.0,6.53000000000002,-4.0,13.619999999999894,1.0,18.400000000000013,4.0
1.8799999999999708,-5.0,6.49000000000002,-4.0,13.629999999999894,1.0,18.440000000000012,4.0
1.8299999999999708,-5.0,6.45000000000002,-4.0,13.639999999999894,1.0,18.48000000000001,4.0
1.7799999999999707,-5.0,6.41000000000002,-4.0,13.649999999999894,1.0,18.52000000000001,4.0
1.7299999999999707,-5.0,6.37000000000002,-4.0,13.659999999999894,1.0,18.56000000000001,4.0
1.6799999999999706,-5.0,6.33000000000002,-4.0,13.669999999999893,1.0,18.60000000000001,4.0
1.6299999999999706,-5.0,6.29000000000002,-4.0,13.679999999999893,1.0,18.640000000000008,4.0
1.5799999999999705,-5.0,6.2500000000000195,-4.0,13.689999999999893,1.0,18.680000000000007,4.0
1.5299999999999705,-5.0,6.2100000000000195,-4.0,13.699999999999893,1.0,18.720000000000006,4.0
1.4799999999999705,-5.0,6.1700000000000195,-4.0,13.709999999999892,1.0,18.760000000000005,4.0
1.4299999999999704,-5.0,6.130000000000019,-4.0,13.719999999999892,1.0,18.800000000000004,4.0
1.3799999999999704,-5.0,6.090000000000019,-4.0,13.729999999999892,1.0,18.840000000000003,4.0
1.3299999999999703,-5.0,6.050000000000019,-4.0,13.739999999999892,1.0,18.880000000000003,4.0
1.2799999999999703,-5.0,6.010000000000019,-4.0,13.749999999999892,1.0,18.92,4.0
1.2299999999999702,-5.0,5.970000000000019,-4.0,13.759999999999891,1.0,18.96,4.0
1.1799999999999702,-5.0,5.930000000000019,-4.0,13.769999999999891,1.0,19.0,4.0
1.1299999999999701,-5.0,5.890000000000019,-4.0,13.779999999999891,1.0,19.04,4.0
1.07999999999997,-5.0,5.850000000000019,-4.0,13.78999999999989,1.0,19.08,4.0
1.02999999999997,-5.0,5.810000000000019,-4.0,13.79999999999989,1.0,19.119999999999997,4.0
0.97999999999997,-5.0,5.770000000000019,-4.0,13.80999999999989,1.0,19.159999999999997,4.0
0.92999999999997,-5.0,5.730000000000019,-4.0,13.81999999999989,1.0,19.199999999999996,4.0
0.8799999999999699,-5.0,5.690000000000019,-4.0,13.82999999999989,1.0,19.239999999999995,4.0
0.8299999999999699,-5.0,5.650000000000019,-4.0,13.83999999999989,1.0,19.279999999999994,4.0
0.7799999999999698,-5.0,5.610000000000019,-4.0,13.84999999999989,1.0,19.319999999999993,4.0
0.7299999999999698,-5.0,5.570000000000019,-4.0,13.85999999999989,1.0,19.359999999999992,4.0
0.6799999999999697,-5.0,5.530000000000019,-4.0,13.869999999999889,1.0,19.39999999999999,4.0
0.6299999999999697,-5.0,5.490000000000019,-4.0,13.879999999999889,1.0,19.43999999999999,4.0
0.5799999999999697,-5.0,5.450000000000019,-4.0,13.889999999999889,1.0,19.47999999999999,4.0
0.5299999999999696,-5.0,5.410000000000019,-4.0,13.899999999999888,1.0,19.51999999999999,4.0
0.4799999999999696,-5.0,5.370000000000019,-4.0,13.909999999999888,1.0,19.559999999999988,4.0
0.42999999999996963,-5.0,5.330000000000019,-4.0,13.919999999999888,1.0,19.599999999999987,4.0
0.37999999999996964,-5.0,5.290000000000019,-4.0,13.929999999999888,1.0,19.639999999999986,4.0
0.32999999999996965,-5.0,5.250000000000019,-4.0,13.939999999999888,1.0,19.679999999999986,4.0
0.27999999999996966,-5.0,5.210000000000019,-4.0,13.949999999999887,1.0,19.719999999999985,4.0
0.22999999999996967,-5.0,5.170000000000019,-4.0,13.959999999999887,1.0,19.759999999999984,4.0
0.17999999999996968,-5.0,5.1300000000000185,-4.0,13.969999999999887,1.0,19.799999999999983,4.0
0.1299999999999697,-5.0,5.0900000000000185,-4.0,13.979999999999887,1.0,19.839999999999982,4.0
0.07999999999996969,-5.0,5.0500000000000185,-4.0,13.989999999999887,1.0,19.87999999999998,4.0
0.02999999999996969,-5.0,5.010000000000018,-4.0,13.999999999999886,1.0,19.91999999999998,4.0
-0.020000000000030313,-5.0,4.970000000000018,-4.0,14.009999999999886,1.0,19.95999999999998,4.0
0.0,-5.0,4.930000000000018,-4.0,14.019999999999886,1.0,19.99999999999998,4.0
0.05,0.0,4.890000000000018,-4.0,14.029999999999886,1.0,20.039999999999978,4.0
0.1,5.0,4.850000000000018,-4.0,14.039999999999885,1.0,20.079999999999977,4.0
0.15000000000000002,5.0,4.810000000000018,-4.0,14.049999999999885,1.0,20.119999999999976,4.0
0.2,5.0,4.770000000000018,-4.0,14.059999999999885,1.0,20.159999999999975,4.0
0.25,5.0,4.730000000000018,-4.0,14.069999999999885,1.0,20.199999999999974,4.0
0.3,5.0,4.690000000000018,-4.0,14.079999999999885,1.0,20.239999999999974,4.0
0.35,5.0,4.650000000000018,-4.0,14.089999999999884,1.0,20.279999999999973,4.0
0.39999999999999997,5.0,4.610000000000018,-4.0,14.099999999999884,1.0,20.319999999999972,4.0
0.44999999999999996,5.0,4.570000000000018,-4.0,14.109999999999884,1.0,20.35999999999997,4.0
0.49999999999999994,5.0,4.530000000000018,-4.0,14.119999999999884,1.0,20.39999999999997,4.0
0.5499999999999999,5.0,4.490000000000018,-4.0,14.129999999999884,1.0,20.43999999999997,4.0
0.6,5.0,4.450000000000018,-4.0,14.139999999999883,1.0,20.47999999999997,4.0
0.65,5.0,4.410000000000018,-4.0,14.149999999999883,1.0,20.519999999999968,4.0
0.7000000000000001,5.0,4.370000000000018,-4.0,14.159999999999883,1.0,20.559999999999967,4.0
0.7500000000000001,5.0,4.330000000000018,-4.0,14.169999999999883,1.0,20.599999999999966,4.0
0.8000000000000002,5.0,4.290000000000018,-4.0,14.179999999999882,1.0,20.639999999999965,4.0
0.8500000000000002,5.0,4.250000000000018,-4.0,14.189999999999882,1.0,20.679999999999964,4.0
0.9000000000000002,5.0,4.210000000000018,-4.0,14.199999999999882,1.0,20.719999999999963,4.0
0.9500000000000003,5.0,4.170000000000018,-4.0,14.209999999999882,1.0,20.759999999999962,4.0
1.0000000000000002,5.0,4.130000000000018,-4.0,14.219999999999882,1.0,20.79999999999996,4.0
1.0500000000000003,5.0,4.090000000000018,-4.0,14.229999999999881,1.0,20.83999999999996,4.0
1.1000000000000003,5.0,4.050000000000018,-4.0,14.239999999999881,1.0,20.87999999999996,4.0
1.1500000000000004,5.0,4.0100000000000176,-4.0,14.249999999999881,1.0,20.91999999999996,4.0
1.2000000000000004,5.0,3.9700000000000175,-4.0,14.25999999999988,1.0,20.959999999999958,4.0
1.2500000000000004,5.0,3.9300000000000175,-4.0,14.26999999999988,1.0,20.999999999999957,4.0
1.3000000000000005,5.0,3.8900000000000174,-4.0,14.27999999999988,1.0,21.039999999999957,4.0
1.3500000000000005,5.0,3.8500000000000174,-4.0,14.28999999999988,1.0,21.079999999999956,4.0
1.4000000000000006,5.0,3.8100000000000174,-4.0,14.29999999999988,1.0,21.119999999999955,4.0
1.4500000000000006,5.0,3.7700000000000173,-4.0,14.30999999999988,1.0,21.159999999999954,4.0
1.5000000000000007,5.0,3.7300000000000173,-4.0,14.31999999999988,1.0,21.199999999999953,4.0
1.5500000000000007,5.0,3.6900000000000173,-4.0,14.32999999999988,1.0,21.239999999999952,4.0
1.6000000000000008,5.0,3.6500000000000172,-4.0,14.339999999999879,1.0,21.27999999999995,4.0
1.6500000000000008,5.0,3.610000000000017,-4.0,14.349999999999879,1.0,21.31999999999995,4.0
1.7000000000000008,5.0,3.570000000000017,-4.0,14.359999999999879,1.0,21.35999999999995,4.0
1.7500000000000009,5.0,3.530000000000017,-4.0,14.369999999999878,1.0,21.39999999999995,4.0
1.800000000000001,5.0,3.490000000000017,-4.0,14.379999999999878,1.0,21.439999999999948,4.0
1.850000000000001,5.0,3.450000000000017,-4.0,14.389999999999878,1.0,21.479999999999947,4.0
1.900000000000001,5.0,3.410000000000017,-4.0,14.399999999999878,1.0,21.519999999999946,4.0
1.950000000000001,5.0,3.370000000000017,-4.0,14.409999999999878,1.0,21.559999999999945,4.0
2.000000000000001,5.0,3.330000000000017,-4.0,14.419999999999877,1.0,21.599999999999945,4.0
2.0500000000000007,5.0,3.290000000000017,-4.0,14.429999999999877,1.0,21.639999999999944,4.0
2.1000000000000005,5.0,3.250000000000017,-4.0,14.439999999999877,1.0,21.679999999999943,4.0
2.1500000000000004,5.0,3.210000000000017,-4.0,14.449999999999877,1.0,21.719999999999942,4.0
2.2,5.0,3.170000000000017,-4.0,14.459999999999877,1.0,21.75999999999994,4.0
2.25,5.0,3.2200000000000166,-4.0,14.469999999999876,1.0,21.79999999999994,4.0
2.21,5.0,3.2700000000000164,-4.0,14.479999999999876,1.0,21.83999999999994,4.0
2.17,5.0,3.3200000000000163,-4.0,14.489999999999876,1.0,21.87999999999994,4.0
2.13,-4.0,3.370000000000016,-4.0,14.499999999999876,1.0,21.919999999999938,4.0
2.09,-4.0,3.420000000000016,5.0,14.509999999999875,1.0,21.959999999999937,4.0
2.05,-4.0,3.4700000000000157,5.0,14.519999999999875,1.0,21.999999999999936,4.0
2.01,-4.0,3.5200000000000156,5.0,14.529999999999875,1.0,22.039999999999935,4.0
1.9699999999999998,-4.0,3.5700000000000154,5.0,14.539999999999875,1.0,22.079999999999934,4.0
1.9299999999999997,-4.0,3.620000000000015,5.0,14.549999999999875,1.0,22.119999999999933,4.0
1.8899999999999997,-4.0,3.670000000000015,5.0,14.559999999999874,1.0,22.159999999999933,4.0
1.8499999999999996,-4.0,3.720000000000015,5.0,14.569999999999874,1.0,22.199999999999932,4.0
1.8099999999999996,-4.0,3.7700000000000147,5.0,14.579999999999874,1.0,22.23999999999993,4.0
1.7699999999999996,-4.0,3.8200000000000145,5.0,14.589999999999874,1.0,22.27999999999993,4.0
1.7299999999999995,-4.0,3.8700000000000143,5.0,14.599999999999874,1.0,22.31999999999993,4.0
1.6899999999999995,-4.0,3.920000000000014,5.0,14.609999999999873,1.0,22.35999999999993,4.0
1.6499999999999995,-4.0,3.970000000000014,5.0,14.619999999999873,1.0,22.399999999999928,4.0
1.6099999999999994,-4.0,4.020000000000014,5.0,14.629999999999873,1.0,22.439999999999927,4.0
1.5699999999999994,-4.0,4.070000000000014,5.0,14.639999999999873,1.0,22.479999999999926,4.0
1.5299999999999994,-4.0,4.120000000000013,5.0,14.649999999999872,1.0,22.519999999999925,4.0
1.4899999999999993,-4.0,4.170000000000013,5.0,14.659999999999872,1.0,22.559999999999924,4.0
1.4499999999999993,-4.0,4.220000000000013,5.0,14.669999999999872,1.0,22.599999999999923,4.0
1.4099999999999993,-4.0,4.270000000000013,5.0,14.679999999999872,1.0,22.639999999999922,4.0
1.3699999999999992,-4.0,4.320000000000013,5.0,14.689999999999872,1.0,22.67999999999992,4.0
1.3299999999999992,-4.0,4.3700000000000125,5.0,14.699999999999871,1.0,22.71999999999992,4.0
1.2899999999999991,-4.0,4.420000000000012,5.0,14.709999999999871,1.0,22.75999999999992,4.0
1.2499999999999991,-4.0,4.470000000000012,5.0,14.719999999999871,1.0,22.79999999999992,4.0
1.209999999999999,-4.0,4.520000000000012,5.0,14.72999999999987,1.0,22.839999999999918,4.0
1.169999999999999,-4.0,4.570000000000012,5.0,14.73999999999987,1.0,22.879999999999917,4.0
1.129999999999999,-4.0,4.620000000000012,5.0,14.74999999999987,1.0,22.919999999999916,4.0
1.089999999999999,-4.0,4.6700000000000115,5.0,14.75999999999987,1.0,22.959999999999916,4.0
1.049999999999999,-4.0,4.720000000000011,5.0,14.76999999999987,1.0,22.999999999999915,4.0
1.009999999999999,-4.0,4.770000000000011,5.0,14.77999999999987,1.0,23.039999999999914,4.0
0.9699999999999989,-4.0,4.820000000000011,5.0,14.78999999999987,1.0,23.079999999999913,4.0
0.9299999999999988,-4.0,4.870000000000011,5.0,14.79999999999987,1.0,23.119999999999912,4.0
0.8899999999999988,-4.0,4.920000000000011,5.0,14.809999999999869,1.0,23.15999999999991,4.0
0.8499999999999988,-4.0,4.97000000000001,5.0,14.819999999999869,1.0,23.19999999999991,4.0
0.8099999999999987,-4.0,5.02000000000001,5.0,14.829999999999869,1.0,23.23999999999991,4.0
0.7699999999999987,-4.0,5.07000000000001,5.0,14.839999999999868,1.0,23.27999999999991,4.0
0.7299999999999986,-4.0,5.12000000000001,5.0,14.849999999999868,1.0,23.319999999999908,4.0
0.6899999999999986,-4.0,5.17000000000001,5.0,14.859999999999868,1.0,23.359999999999907,4.0
0.6499999999999986,-4.0,5.2200000000000095,5.0,14.869999999999868,1.0,23.399999999999906,4.0
0.6099999999999985,-4.0,5.270000000000009,5.0,14.879999999999868,1.0,23.439999999999905,4.0
0.5699999999999985,-4.0,5.320000000000009,5.0,14.889999999999867,1.0,23.479999999999905,4.0
0.5299999999999985,-4.0,5.370000000000009,5.0,14.899999999999867,1.0,23.519999999999904,4.0
0.4899999999999985,-4.0,5.420000000000009,5.0,14.909999999999867,1.0,23.559999999999903,4.0
0.4499999999999985,-4.0,5.470000000000009,5.0,14.919999999999867,1.0,23.599999999999902,4.0
0.40999999999999853,-4.0,5.5200000000000085,5.0,14.929999999999866,1.0,23.6399999999999,4.0
0.36999999999999855,-4.0,5.570000000000008,5.0,14.939999999999866,1.0,23.6799999999999,4.0
0.3299999999999986,-4.0,5.620000000000008,5.0,14.949999999999866,1.0,23.7199999999999,4.0
0.2899999999999986,-4.0,5.670000000000008,5.0,14.959999999999866,1.0,23.7599999999999,4.0
0.24999999999999858,-4.0,5.720000000000008,5.0,14.969999999999866,1.0,23.799999999999898,4.0
0.20999999999999858,-4.0,5.770000000000008,5.0,14.979999999999865,1.0,23.839999999999897,4.0
0.16999999999999857,-4.0,5.820000000000007,5.0,14.989999999999865,1.0,23.879999999999896,4.0
0.12999999999999856,-4.0,5.870000000000007,5.0,14.999999999999865,1.0,23.919999999999895,4.0
0.08999999999999855,-4.0,5.920000000000007,5.0,15.009999999999865,1.0,23.959999999999894,4.0
0.04999999999999855,-4.0,5.970000000000007,5.0,15.019999999999865,1.0,23.999999999999893,4.0
0.009999999999998552,-4.0,6.020000000000007,5.0,15.029999999999864,1.0,24.039999999999893,4.0
-0.03000000000000145,-4.0,6.0700000000000065,5.0,15.039999999999864,1.0,24.07999999999989,4.0
0.0,-4.0,6.120000000000006,5.0,15.049999999999864,1.0,24.11999999999989,4.0
0.04,-4.0,6.170000000000006,5.0,15.059999999999864,1.0,24.15999999999989,4.0
0.08,-4.0,6.220000000000006,5.0,15.069999999999864,1.0,24.19999999999989,4.0
0.12,0.0,6.270000000000006,5.0,15.079999999999863,1.0,24.23999999999989,4.0
0.16,4.0,6.320000000000006,5.0,15.089999999999863,1.0,24.279999999999887,4.0
0.2,4.0,6.370000000000005,5.0,15.099999999999863,1.0,24.319999999999887,4.0
0.24000000000000002,4.0,6.420000000000005,5.0,15.109999999999863,1.0,24.359999999999886,4.0
0.28,4.0,6.470000000000005,5.0,15.119999999999862,1.0,24.399999999999885,4.0
0.32,4.0,6.520000000000005,5.0,15.129999999999862,1.0,24.439999999999884,4.0
0.36,4.0,6.570000000000005,5.0,15.139999999999862,1.0,24.479999999999883,4.0
0.39999999999999997,4.0,6.6200000000000045,5.0,15.149999999999862,1.0,24.519999999999882,4.0
0.43999999999999995,4.0,6.670000000000004,5.0,15.159999999999862,1.0,24.55999999999988,4.0
0.4799999999999999,4.0,6.720000000000004,5.0,15.169999999999861,1.0,24.59999999999988,4.0
0.5199999999999999,4.0,6.770000000000004,5.0,15.179999999999861,1.0,24.63999999999988,4.0
0.5599999999999999,4.0,6.820000000000004,5.0,15.189999999999861,1.0,24.67999999999988,4.0
0.6,4.0,6.870000000000004,5.0,15.19999999999986,1.0,24.719999999999878,4.0
0.64,4.0,6.9200000000000035,5.0,15.20999999999986,1.0,24.759999999999877,4.0
0.68,4.0,6.970000000000003,5.0,15.21999999999986,1.0,24.799999999999876,4.0
0.7200000000000001,4.0,7.020000000000003,5.0,15.22999999999986,1.0,24.839999999999876,4.0
0.7600000000000001,4.0,7.070000000000003,5.0,15.23999999999986,1.0,24.879999999999875,4.0
0.8000000000000002,4.0,7.120000000000003,5.0,15.24999999999986,1.0,24.919999999999874,4.0
0.8400000000000002,4.0,7.170000000000003,5.0,15.25999999999986,1.0,24.959999999999873,4.0
0.8800000000000002,4.0,7.220000000000002,5.0,15.26999999999986,1.0,24.999999999999872,4.0
0.9200000000000003,4.0,7.270000000000002,5.0,15.279999999999859,1.0,25.03999999999987,4.0
0.9600000000000003,4.0,7.320000000000002,5.0,15.289999999999859,1.0,25.07999999999987,4.0
1.0000000000000002,4.0,7.370000000000002,5.0,15.299999999999859,1.0,25.11999999999987,4.0
1.0400000000000003,4.0,7.420000000000002,5.0,15.309999999999858,1.0,25.15999999999987,4.0
1.0800000000000003,4.0,7.4700000000000015,5.0,15.319999999999858,1.0,25.199999999999868,4.0
1.1200000000000003,4.0,7.520000000000001,5.0,15.329999999999858,1.0,25.239999999999867,4.0
1.1600000000000004,4.0,7.570000000000001,5.0,15.339999999999858,1.0,25.279999999999866,4.0
1.2000000000000004,4.0,7.620000000000001,5.0,15.349999999999858,1.0,25.319999999999865,4.0
1.2400000000000004,4.0,7.670000000000001,5.0,15.359999999999857,1.0,25.359999999999864,4.0
1.2800000000000005,4.0,7.720000000000001,5.0,15.369999999999857,1.0,25.399999999999864,4.0
1.3200000000000005,4.0,7.7700000000000005,5.0,15.379999999999857,1.0,25.439999999999863,4.0
1.3600000000000005,4.0,7.82,5.0,15.389999999999857,1.0,25.479999999999862,4.0
1.4000000000000006,4.0,7.87,5.0,15.399999999999856,1.0,25.51999999999986,4.0
1.4400000000000006,4.0,7.92,5.0,15.409999999999856,1.0,25.55999999999986,4.0
1.4800000000000006,4.0,7.97,5.0,15.419999999999856,1.0,25.59999999999986,4.0
1.5200000000000007,4.0,8.02,5.0,15.429999999999856,1.0,25.63999999999986,4.0
1.5600000000000007,4.0,8.07,5.0,15.439999999999856,1.0,25.679999999999858,4.0
1.6000000000000008,4.0,8.120000000000001,5.0,15.449999999999855,1.0,25.719999999999857,4.0
1.6400000000000008,4.0,8.170000000000002,5.0,15.459999999999855,1.0,25.759999999999856,4.0
1.6800000000000008,4.0,8.220000000000002,5.0,15.469999999999855,1.0,25.799999999999855,4.0
1.7200000000000009,4.0,8.270000000000003,5.0,15.479999999999855,1.0,25.839999999999854,4.0
1.760000000000001,4.0,8.320000000000004,5.0,15.489999999999855,1.0,25.879999999999853,4.0
1.800000000000001,4.0,8.370000000000005,5.0,15.499999999999854,1.0,25.919999999999852,4.0
1.840000000000001,4.0,8.420000000000005,5.0,15.509999999999854,1.0,25.95999999999985,4.0
1.880000000000001,4.0,8.470000000000006,5.0,15.519999999999854,1.0,25.99999999999985,4.0
1.920000000000001,4.0,8.520000000000007,5.0,15.529999999999854,1.0,26.03999999999985,4.0
1.960000000000001,4.0,8.570000000000007,5.0,15.539999999999853,1.0,26.07999999999985,4.0
2.000000000000001,4.0,8.620000000000008,5.0,15.549999999999853,1.0,26.11999999999985,4.0
2.040000000000001,4.0,8.670000000000009,5.0,15.559999999999853,1.0,26.159999999999847,4.0
2.080000000000001,4.0,8.72000000000001,5.0,15.569999999999853,1.0,26.199999999999847,4.0
2.120000000000001,4.0,8.77000000000001,5.0,15.579999999999853,1.0,26.239999999999846,4.0
2.160000000000001,4.0,8.820000000000011,5.0,15.589999999999852,1.0,26.279999999999845,4.0
2.200000000000001,4.0,8.870000000000012,5.0,15.599999999999852,1.0,26.319999999999844,4.0
2.240000000000001,4.0,8.920000000000012,5.0,15.609999999999852,1.0,26.359999999999843,4.0
2.280000000000001,4.0,8.970000000000013,5.0,15.619999999999852,1.0,26.399999999999842,4.0
2.320000000000001,4.0,9.020000000000014,5.0,15.629999999999852,1.0,26.43999999999984,4.0
2.360000000000001,4.0,9.070000000000014,5.0,15.639999999999851,1.0,26.47999999999984,4.0
2.4000000000000012,4.0,9.120000000000015,5.0,15.649999999999851,1.0,26.51999999999984,4.0
2.4400000000000013,4.0,9.170000000000016,5.0,15.659999999999851,1.0,26.55999999999984,4.0
2.4800000000000013,4.0,9.220000000000017,5.0,15.66999999999985,1.0,26.599999999999838,4.0
2.5200000000000014,4.0,9.270000000000017,5.0,15.67999999999985,1.0,26.639999999999837,4.0
2.5600000000000014,4.0,9.320000000000018,5.0,15.68999999999985,1.0,26.679999999999836,4.0
2.6000000000000014,4.0,9.370000000000019,5.0,15.69999999999985,1.0,26.719999999999835,4.0
2.6400000000000015,4.0,9.42000000000002,5.0,15.70999999999985,1.0,26.759999999999835,4.0
2.6800000000000015,4.0,9.47000000000002,5.0,15.71999999999985,1.0,26.799999999999834,4.0
2.7200000000000015,4.0,9.520000000000021,5.0,15.72999999999985,1.0,26.839999999999833,4.0
2.7600000000000016,4.0,9.570000000000022,5.0,15.73999999999985,1.0,26.879999999999832,4.0
2.8000000000000016,4.0,9.620000000000022,5.0,15.749999999999849,1.0,26.91999999999983,4.0
2.8400000000000016,4.0,9.670000000000023,5.0,15.759999999999849,1.0,26.95999999999983,4.0
2.8800000000000017,4.0,9.720000000000024,5.0,15.769999999999849,1.0,26.99999999999983,4.0
2.9200000000000017,4.0,9.770000000000024,5.0,15.779999999999848,1.0,27.03999999999983,4.0
2.9600000000000017,4.0,9.820000000000025,5.0,15.789999999999848,1.0,27.079999999999828,4.0
3.0000000000000018,4.0,9.870000000000026,5.0,15.799999999999848,1.0,27.119999999999827,4.0
3.040000000000002,4.0,9.920000000000027,5.0,15.809999999999848,1.0,27.159999999999826,4.0
3.080000000000002,4.0,9.970000000000027,5.0,15.819999999999848,1.0,27.199999999999825,4.0
3.120000000000002,4.0,10.020000000000028,5.0,15.829999999999847,1.0,27.239999999999824,4.0
3.160000000000002,4.0,10.070000000000029,5.0,15.839999999999847,1.0,27.279999999999824,4.0
3.200000000000002,4.0,10.12000000000003,5.0,15.849999999999847,1.0,27.319999999999823,4.0
3.240000000000002,4.0,10.17000000000003,5.0,15.859999999999847,1.0,27.359999999999822,4.0
3.280000000000002,4.0,10.22000000000003,5.0,15.869999999999846,1.0,27.39999999999982,4.0
3.320000000000002,4.0,10.270000000000032,5.0,15.879999999999846,1.0,27.43999999999982,4.0
3.360000000000002,4.0,10.320000000000032,5.0,15.889999999999846,1.0,27.47999999999982,4.0
3.400000000000002,4.0,10.370000000000033,5.0,15.899999999999846,1.0,27.51999999999982,4.0
3.440000000000002,4.0,10.420000000000034,5.0,15.909999999999846,1.0,27.559999999999818,4.0
3.480000000000002,4.0,10.470000000000034,5.0,15.919999999999845,1.0,27.599999999999817,4.0
3.5200000000000022,4.0,10.520000000000035,5.0,15.929999999999845,1.0,27.639999999999816,4.0
3.5600000000000023,4.0,10.570000000000036,5.0,15.939999999999845,1.0,27.679999999999815,4.0
3.6000000000000023,4.0,10.620000000000037,5.0,15.949999999999845,1.0,27.719999999999814,4.0
3.6400000000000023,4.0,10.670000000000037,5.0,15.959999999999845,1.0,27.759999999999813,4.0
3.6800000000000024,4.0,10.720000000000038,5.0,15.969999999999844,1.0,27.799999999999812,4.0
3.7200000000000024,4.0,10.770000000000039,5.0,15.979999999999844,1.0,27.83999999999981,4.0
3.7600000000000025,4.0,10.82000000000004,5.0,15.989999999999844,1.0,27.87999999999981,4.0
3.8000000000000025,4.0,10.87000000000004,5.0,15.999999999999844,1.0,27.91999999999981,4.0
3.8400000000000025,4.0,10.92000000000004,5.0,16.009999999999845,1.0,27.95999999999981,4.0
3.8800000000000026,4.0,10.970000000000041,5.0,16.019999999999847,1.0,27.999999999999808,4.0
3.9200000000000026,4.0,11.020000000000042,5.0,16.02999999999985,1.0,28.039999999999807,4.0
3.9600000000000026,4.0,11.070000000000043,5.0,16.03999999999985,1.0,28.079999999999806,4.0
4.000000000000003,4.0,11.120000000000044,5.0,16.04999999999985,1.0,28.119999999999806,4.0
4.040000000000003,4.0,11.170000000000044,5.0,16.059999999999853,1.0,28.159999999999805,4.0
4.080000000000003,4.0,11.220000000000045,5.0,16.069999999999855,1.0,28.199999999999804,4.0
4.120000000000003,4.0,11.270000000000046,5.0,16.079999999999856,1.0,28.239999999999803,4.0
4.160000000000003,4.0,11.320000000000046,5.0,16.089999999999858,1.0,28.279999999999802,4.0
4.200000000000003,4.0,11.370000000000047,5.0,16.09999999999986,1.0,28.3199999999998,4.0
4.240000000000003,4.0,11.420000000000048,5.0,16.10999999999986,1.0,28.3599999999998,4.0
4.280000000000003,4.0,11.470000000000049,5.0,16.119999999999862,1.0,28.3999999999998,4.0
4.320000000000003,4.0,11.52000000000005,5.0,16.129999999999864,1.0,28.4399999999998,4.0
4.360000000000003,4.0,11.57000000000005,5.0,16.139999999999866,1.0,28.479999999999798,4.0
4.400000000000003,4.0,11.62000000000005,5.0,16.149999999999867,1.0,28.519999999999797,4.0
4.440000000000003,4.0,11.670000000000051,5.0,16.15999999999987,1.0,28.559999999999796,4.0
4.480000000000003,4.0,11.720000000000052,5.0,16.16999999999987,1.0,28.599999999999795,4.0
4.520000000000003,4.0,11.770000000000053,5.0,16.179999999999872,1.0,28.639999999999795,4.0
4.560000000000003,4.0,11.820000000000054,5.0,16.189999999999873,1.0,28.679999999999794,4.0
4.600000000000003,4.0,11.870000000000054,5.0,16.199999999999875,1.0,28.719999999999793,4.0
4.640000000000003,4.0,11.920000000000055,5.0,16.209999999999877,1.0,28.759999999999792,4.0
4.680000000000003,4.0,11.970000000000056,5.0,16.219999999999878,1.0,28.79999999999979,4.0
4.720000000000003,4.0,12.020000000000056,5.0,16.22999999999988,1.0,28.83999999999979,4.0
4.760000000000003,4.0,12.070000000000057,5.0,16.23999999999988,1.0,28.87999999999979,4.0
4.800000000000003,4.0,12.120000000000058,5.0,16.249999999999883,1.0,28.91999999999979,4.0
4.840000000000003,4.0,12.170000000000059,5.0,16.259999999999884,1.0,28.959999999999788,4.0
4.8800000000000034,4.0,12.22000000000006,5.0,16.269999999999886,1.0,28.999999999999787,4.0
4.9200000000000035,4.0,12.27000000000006,5.0,16.279999999999887,1.0,29.039999999999786,4.0
4.9600000000000035,4.0,12.32000000000006,5.0,16.28999999999989,1.0,29.0,4.0
5.0000000000000036,4.0,12.370000000000061,5.0,16.29999999999989,1.0,28.96,0.0
5.040000000000004,4.0,12.420000000000062,5.0,16.309999999999892,1.0,28.92,-4.0
5.080000000000004,4.0,12.470000000000063,5.0,16.319999999999894,1.0,28.880000000000003,-4.0
5.120000000000004,4.0,12.520000000000064,5.0,16.329999999999895,1.0,28.840000000000003,-4.0
5.160000000000004,4.0,12.570000000000064,5.0,16.339999999999897,1.0,28.800000000000004,-4.0
5.200000000000004,4.0,12.620000000000065,5.0,16.3499999999999,1.0,28.760000000000005,-4.0
5.240000000000004,4.0,12.670000000000066,5.0,16.3599999999999,1.0,28.720000000000006,-4.0
5.280000000000004,4.0,12.720000000000066,5.0,16.3699999999999,1.0,28.680000000000007,-4.0
5.320000000000004,4.0,12.770000000000067,5.0,16.379999999999903,1.0,28.640000000000008,-4.0
5.360000000000004,4.0,12.820000000000068,5.0,16.389999999999905,1.0,28.60000000000001,-4.0
5.400000000000004,4.0,12.870000000000068,5.0,16.399999999999906,1.0,28.56000000000001,-4.0
5.440000000000004,4.0,12.92000000000007,5.0,16.409999999999908,1.0,28.52000000000001,-4.0
5.480000000000004,4.0,12.97000000000007,5.0,16.41999999999991,1.0,28.48000000000001,-4.0
5.520000000000004,4.0,13.02000000000007,5.0,16.42999999999991,1.0,28.440000000000012,-4.0
5.560000000000004,4.0,13.070000000000071,5.0,16.439999999999912,1.0,28.400000000000013,-4.0
5.600000000000004,4.0,13.120000000000072,5.0,16.449999999999914,1.0,28.360000000000014,-4.0
5.640000000000004,4.0,13.170000000000073,5.0,16.459999999999916,1.0,28.320000000000014,-4.0
5.680000000000004,4.0,13.220000000000073,5.0,16.469999999999917,1.0,28.280000000000015,-4.0
5.720000000000004,4.0,13.270000000000074,5.0,16.47999999999992,1.0,28.240000000000016,-4.0
5.760000000000004,4.0,13.320000000000075,5.0,16.48999999999992,1.0,28.200000000000017,-4.0
5.800000000000004,4.0,13.370000000000076,5.0,16.499999999999922,1.0,28.160000000000018,-4.0
5.840000000000004,4.0,13.420000000000076,5.0,16.509999999999923,1.0,28.12000000000002,-4.0
5.880000000000004,4.0,13.470000000000077,5.0,16.519999999999925,1.0,28.08000000000002,-4.0
5.920000000000004,4.0,13.520000000000078,5.0,16.529999999999927,1.0,28.04000000000002,-4.0
5.960000000000004,4.0,13.570000000000078,5.0,16.539999999999928,1.0,28.00000000000002,-4.0
6.000000000000004,4.0,13.62000000000008,5.0,16.54999999999993,1.0,27.960000000000022,-4.0
6.0400000000000045,4.0,13.67000000000008,5.0,16.55999999999993,1.0,27.920000000000023,-4.0
6.0800000000000045,4.0,13.72000000000008,5.0,16.569999999999933,1.0,27.880000000000024,-4.0
6.1200000000000045,4.0,13.770000000000081,5.0,16.579999999999934,1.0,27.840000000000025,-4.0
6.160000000000005,4.0,13.820000000000082,5.0,16.589999999999936,1.0,27.800000000000026,-4.0
6.200000000000005,4.0,13.870000000000083,5.0,16.599999999999937,1.0,27.760000000000026,-4.0
6.240000000000005,4.0,13.920000000000083,5.0,16.60999999999994,1.0,27.720000000000027,-4.0
6.280000000000005,4.0,13.970000000000084,5.0,16.61999999999994,1.0,27.680000000000028,-4.0
6.320000000000005,4.0,14.020000000000085,5.0,16.629999999999942,1.0,27.64000000000003,-4.0
6.360000000000005,4.0,14.070000000000086,5.0,16.639999999999944,1.0,27.60000000000003,-4.0
6.400000000000005,4.0,14.120000000000086,5.0,16.649999999999945,1.0,27.56000000000003,-4.0
6.440000000000005,4.0,14.170000000000087,5.0,16.659999999999947,1.0,27.52000000000003,-4.0
6.480000000000005,4.0,14.220000000000088,5.0,16.66999999999995,1.0,27.480000000000032,-4.0
6.520000000000005,4.0,14.270000000000088,5.0,16.67999999999995,1.0,27.440000000000033,-4.0
6.560000000000005,4.0,14.320000000000089,5.0,16.68999999999995,1.0,27.400000000000034,-4.0
6.600000000000005,4.0,14.37000000000009,5.0,16.699999999999953,1.0,27.360000000000035,-4.0
6.640000000000005,4.0,14.42000000000009,5.0,16.709999999999955,1.0,27.320000000000036,-4.0
6.680000000000005,4.0,14.470000000000091,5.0,16.719999999999956,1.0,27.280000000000037,-4.0
6.720000000000005,4.0,14.520000000000092,5.0,16.729999999999958,1.0,27.240000000000038,-4.0
6.760000000000005,4.0,14.570000000000093,5.0,16.73999999999996,1.0,27.20000000000004,-4.0
6.800000000000005,4.0,14.620000000000093,5.0,16.74999999999996,1.0,27.16000000000004,-4.0
6.840000000000005,4.0,14.670000000000094,5.0,16.759999999999962,1.0,27.12000000000004,-4.0
6.880000000000005,4.0,14.720000000000095,5.0,16.769999999999964,1.0,27.08000000000004,-4.0
6.920000000000005,4.0,14.770000000000095,5.0,16.779999999999966,1.0,27.040000000000042,-4.0
6.960000000000005,4.0,14.820000000000096,5.0,16.789999999999967,1.0,27.000000000000043,-4.0
7.000000000000005,4.0,14.870000000000097,5.0,16.79999999999997,1.0,26.960000000000043,-4.0
7.040000000000005,4.0,14.920000000000098,5.0,16.80999999999997,1.0,26.920000000000044,-4.0
7.080000000000005,4.0,14.970000000000098,5.0,16.819999999999972,1.0,26.880000000000045,-4.0
7.120000000000005,4.0,15.020000000000099,5.0,16.829999999999973,1.0,26.840000000000046,-4.0
7.1600000000000055,4.0,15.0700000000001,5.0,16.839999999999975,1.0,26.800000000000047,-4.0
7.2000000000000055,4.0,15.1200000000001,5.0,16.849999999999977,1.0,26.760000000000048,-4.0
7.2400000000000055,4.0,15.170000000000101,5.0,16.859999999999978,1.0,26.72000000000005,-4.0
7.280000000000006,4.0,15.220000000000102,5.0,16.86999999999998,1.0,26.68000000000005,-4.0
7.320000000000006,4.0,15.270000000000103,5.0,16.87999999999998,1.0,26.64000000000005,-4.0
7.360000000000006,4.0,15.320000000000103,5.0,16.889999999999983,1.0,26.60000000000005,-4.0
7.400000000000006,4.0,15.370000000000104,5.0,16.899999999999984,1.0,26.560000000000052,-4.0
7.440000000000006,4.0,15.420000000000105,5.0,16.909999999999986,1.0,26.520000000000053,-4.0
7.480000000000006,4.0,15.470000000000105,5.0,16.919999999999987,1.0,26.480000000000054,-4.0
7.520000000000006,4.0,15.520000000000106,5.0,16.92999999999999,1.0,26.440000000000055,-4.0
7.560000000000006,4.0,15.570000000000107,5.0,16.93999999999999,1.0,26.400000000000055,-4.0
7.600000000000006,4.0,15.620000000000108,5.0,16.949999999999992,1.0,26.360000000000056,-4.0
7.640000000000006,4.0,15.670000000000108,5.0,16.959999999999994,1.0,26.320000000000057,-4.0
7.680000000000006,4.0,15.720000000000109,5.0,16.969999999999995,1.0,26.280000000000058,-4.0
7.720000000000006,4.0,15.77000000000011,5.0,16.979999999999997,1.0,26.24000000000006,-4.0
7.760000000000006,4.0,15.82000000000011,5.0,16.99,1.0,26.20000000000006,-4.0
7.800000000000006,4.0,15.870000000000111,5.0,17.0,1.0,26.16000000000006,-4.0
7.840000000000006,4.0,15.920000000000112,5.0,17.01,1.0,26.12000000000006,-4.0
7.880000000000006,4.0,15.970000000000113,5.0,17.020000000000003,1.0,26.080000000000062,-4.0
7.920000000000006,4.0,16.020000000000113,5.0,17.030000000000005,1.0,26.040000000000063,-4.0
7.960000000000006,4.0,16.070000000000114,5.0,17.040000000000006,1.0,26.000000000000064,-4.0
8.000000000000005,4.0,16.080000000000116,5.0,17.090000000000007,1.0,25.960000000000065,-4.0
8.040000000000004,4.0,16.090000000000117,5.0,17.140000000000008,1.0,25.920000000000066,-4.0
8.080000000000004,4.0,16.10000000000012,5.0,17.19000000000001,1.0,25.880000000000067,-4.0
8.120000000000003,4.0,16.11000000000012,5.0,17.24000000000001,1.0,25.840000000000067,-4.0
8.160000000000002,4.0,16.120000000000122,5.0,17.29000000000001,5.0,25.800000000000068,-4.0
8.200000000000001,4.0,16.130000000000123,1.0,17.34000000000001,5.0,25.76000000000007,-4.0
8.24,4.0,16.140000000000125,1.0,17.39000000000001,5.0,25.72000000000007,-4.0
8.28,4.0,16.150000000000126,1.0,17.440000000000012,5.0,25.68000000000007,-4.0
8.319999999999999,4.0,16.160000000000128,1.0,17.490000000000013,5.0,25.64000000000007,-4.0
8.359999999999998,4.0,16.17000000000013,1.0,17.540000000000013,5.0,25.600000000000072,-4.0
8.399999999999997,4.0,16.18000000000013,1.0,17.590000000000014,5.0,25.560000000000073,-4.0
8.439999999999996,4.0,16.190000000000133,1.0,17.640000000000015,5.0,25.520000000000074,-4.0
8.479999999999995,4.0,16.200000000000134,1.0,17.690000000000015,5.0,25.480000000000075,-4.0
8.519999999999994,4.0,16.210000000000136,1.0,17.740000000000016,5.0,25.440000000000076,-4.0
8.559999999999993,4.0,16.220000000000137,1.0,17.790000000000017,5.0,25.400000000000077,-4.0
8.599999999999993,4.0,16.23000000000014,1.0,17.840000000000018,5.0,25.360000000000078,-4.0
8.639999999999992,4.0,16.24000000000014,1.0,17.89000000000002,5.0,25.32000000000008,-4.0
8.67999999999999,4.0,16.250000000000142,1.0,17.94000000000002,5.0,25.28000000000008,-4.0
8.71999999999999,4.0,16.260000000000144,1.0,17.99000000000002,5.0,25.24000000000008,-4.0
8.75999999999999,4.0,16.270000000000145,1.0,18.04000000000002,5.0,25.20000000000008,-4.0
8.799999999999988,4.0,16.280000000000147,1.0,18.09000000000002,5.0,25.160000000000082,-4.0
8.839999999999987,4.0,16.29000000000015,1.0,18.140000000000022,5.0,25.120000000000083,-4.0
8.879999999999987,4.0,16.30000000000015,1.0,18.190000000000023,5.0,25.080000000000084,-4.0
8.919999999999986,4.0,16.31000000000015,1.0,18.240000000000023,5.0,25.040000000000084,-4.0
8.959999999999985,4.0,16.320000000000153,1.0,18.290000000000024,5.0,25.000000000000085,-4.0
8.999999999999984,4.0,16.330000000000155,1.0,18.340000000000025,5.0,24.960000000000086,-4.0
9.039999999999983,4.0,16.340000000000156,1.0,18.390000000000025,5.0,24.920000000000087,-4.0
9.079999999999982,4.0,16.350000000000158,1.0,18.440000000000026,5.0,24.880000000000088,-4.0
9.119999999999981,4.0,16.36000000000016,1.0,18.490000000000027,5.0,24.84000000000009,-4.0
9.15999999999998,4.0,16.37000000000016,1.0,18.540000000000028,5.0,24.80000000000009,-4.0
9.19999999999998,4.0,16.380000000000162,1.0,18.59000000000003,5.0,24.76000000000009,-4.0
9.239999999999979,4.0,16.390000000000164,1.0,18.64000000000003,5.0,24.72000000000009,-4.0
9.279999999999978,4.0,16.400000000000166,1.0,18.69000000000003,5.0,24.680000000000092,-4.0
9.319999999999977,4.0,16.410000000000167,1.0,18.74000000000003,5.0,24.640000000000093,-4.0
9.359999999999976,4.0,16.42000000000017,1.0,18.79000000000003,5.0,24.600000000000094,-4.0
9.399999999999975,4.0,16.43000000000017,1.0,18.840000000000032,5.0,24.560000000000095,-4.0
9.439999999999975,4.0,16.440000000000172,1.0,18.890000000000033,5.0,24.520000000000095,-4.0
9.479999999999974,4.0,16.450000000000173,1.0,18.940000000000033,5.0,24.480000000000096,-4.0
9.519999999999973,4.0,16.460000000000175,1.0,18.990000000000034,5.0,24.440000000000097,-4.0
9.559999999999972,4.0,16.470000000000176,1.0,19.040000000000035,5.0,24.400000000000098,-4.0
9.599999999999971,4.0,16.480000000000178,1.0,19.090000000000035,5.0,24.3600000000001,-4.0
9.63999999999997,4.0,16.49000000000018,1.0,19.140000000000036,5.0,24.3200000000001,-4.0
9.67999999999997,4.0,16.50000000000018,1.0,19.190000000000037,5.0,24.2800000000001,-4.0
9.719999999999969,4.0,16.510000000000183,1.0,19.240000000000038,5.0,24.2400000000001,-4.0
9.759999999999968,4.0,16.520000000000184,1.0,19.29000000000004,5.0,24.200000000000102,-4.0
9.799999999999967,4.0,16.530000000000186,1.0,19.34000000000004,5.0,24.160000000000103,-4.0
9.839999999999966,4.0,16.540000000000187,1.0,19.39000000000004,5.0,24.120000000000104,-4.0
9.879999999999965,4.0,16.55000000000019,1.0,19.44000000000004,5.0,24.080000000000105,-4.0
9.919999999999964,4.0,16.56000000000019,1.0,19.49000000000004,5.0,24.040000000000106,-4.0
9.959999999999964,4.0,16.570000000000192,1.0,19.540000000000042,5.0,24.000000000000107,-4.0
9.999999999999963,4.0,16.580000000000194,1.0,19.590000000000042,5.0,23.960000000000107,-4.0
10.039999999999962,4.0,16.590000000000195,1.0,19.640000000000043,5.0,23.92000000000011,-4.0
10.079999999999961,4.0,16.600000000000197,1.0,19.690000000000044,5.0,23.88000000000011,-4.0
10.11999999999996,4.0,16.6100000000002,1.0,19.740000000000045,5.0,23.84000000000011,-4.0
10.15999999999996,4.0,16.6200000000002,1.0,19.790000000000045,5.0,23.80000000000011,-4.0
10.199999999999958,4.0,16.6300000000002,1.0,19.840000000000046,5.0,23.76000000000011,-4.0
10.239999999999958,4.0,16.640000000000203,1.0,19.890000000000047,5.0,23.720000000000113,-4.0
10.279999999999957,4.0,16.650000000000205,1.0,19.940000000000047,5.0,23.680000000000113,-4.0
10.319999999999956,4.0,16.660000000000206,1.0,19.990000000000048,5.0,23.640000000000114,-4.0
10.359999999999955,4.0,16.670000000000208,1.0,20.04000000000005,5.0,23.600000000000115,-4.0
10.399999999999954,4.0,16.68000000000021,1.0,20.09000000000005,5.0,23.560000000000116,-4.0
10.439999999999953,4.0,16.69000000000021,1.0,20.14000000000005,5.0,23.520000000000117,-4.0
10.479999999999952,4.0,16.700000000000212,1.0,20.19000000000005,5.0,23.480000000000118,-4.0
10.519999999999952,4.0,16.710000000000214,1.0,20.24000000000005,5.0,23.44000000000012,-4.0
10.55999999999995,4.0,16.720000000000216,1.0,20.290000000000052,5.0,23.40000000000012,-4.0
10.59999999999995,4.0,16.730000000000217,1.0,20.340000000000053,5.0,23.36000000000012,-4.0
10.639999999999949,4.0,16.74000000000022,1.0,20.390000000000054,5.0,23.32000000000012,-4.0
10.679999999999948,4.0,16.75000000000022,1.0,20.440000000000055,5.0,23.280000000000122,-4.0
10.719999999999947,4.0,16.760000000000222,1.0,20.490000000000055,5.0,23.240000000000123,-4.0
10.759999999999946,4.0,16.770000000000223,1.0,20.540000000000056,5.0,23.200000000000124,-4.0
10.799999999999946,4.0,16.780000000000225,1.0,20.590000000000057,5.0,23.160000000000124,-4.0
10.839999999999945,4.0,16.790000000000227,1.0,20.640000000000057,5.0,23.120000000000125,-4.0
10.879999999999944,4.0,16.800000000000228,1.0,20.690000000000058,5.0,23.080000000000126,-4.0
10.919999999999943,4.0,16.81000000000023,1.0,20.74000000000006,5.0,23.040000000000127,-4.0
10.959999999999942,4.0,16.82000000000023,1.0,20.79000000000006,5.0,23.000000000000128,-4.0
10.999999999999941,4.0,16.830000000000233,1.0,20.84000000000006,5.0,22.96000000000013,-4.0
11.03999999999994,4.0,16.840000000000234,1.0,20.89000000000006,5.0,22.92000000000013,-4.0
11.07999999999994,4.0,16.850000000000236,1.0,20.94000000000006,5.0,22.88000000000013,-4.0
11.119999999999939,4.0,16.860000000000237,1.0,20.990000000000062,5.0,22.84000000000013,-4.0
11.159999999999938,4.0,16.87000000000024,1.0,21.040000000000063,5.0,22.800000000000132,-4.0
11.199999999999937,4.0,16.88000000000024,1.0,21.090000000000064,5.0,22.760000000000133,-4.0
11.239999999999936,4.0,16.890000000000242,1.0,21.140000000000065,5.0,22.720000000000134,-4.0
11.279999999999935,4.0,16.900000000000244,1.0,21.190000000000065,5.0,22.680000000000135,-4.0
11.319999999999935,4.0,16.910000000000245,1.0,21.240000000000066,5.0,22.640000000000136,-4.0
11.359999999999934,4.0,16.920000000000247,1.0,21.290000000000067,5.0,22.600000000000136,-4.0
11.399999999999933,4.0,16.93000000000025,1.0,21.340000000000067,5.0,22.560000000000137,-4.0
11.439999999999932,4.0,16.94000000000025,1.0,21.390000000000068,5.0,22.520000000000138,-4.0
11.479999999999931,4.0,16.95000000000025,1.0,21.44000000000007,5.0,22.48000000000014,-4.0
11.51999999999993,4.0,16.960000000000253,1.0,21.49000000000007,5.0,22.44000000000014,-4.0
11.55999999999993,4.0,16.970000000000255,1.0,21.45000000000007,5.0,22.40000000000014,-4.0
11.599999999999929,4.0,16.980000000000256,1.0,21.41000000000007,5.0,22.45000000000014,-4.0
11.639999999999928,4.0,16.990000000000258,1.0,21.370000000000072,5.0,22.500000000000142,-4.0
11.679999999999927,4.0,17.00000000000026,1.0,21.330000000000073,5.0,22.550000000000143,5.0
11.719999999999926,4.0,17.01000000000026,1.0,21.290000000000074,5.0,22.600000000000144,5.0
11.759999999999925,4.0,17.020000000000262,1.0,21.250000000000075,-4.0,22.650000000000144,5.0
11.799999999999924,4.0,17.030000000000264,1.0,21.210000000000075,-4.0,22.700000000000145,5.0
11.839999999999923,4.0,17.040000000000266,1.0,21.170000000000076,-4.0,22.750000000000146,5.0
11.879999999999923,4.0,17.050000000000267,1.0,21.130000000000077,-4.0,22.800000000000146,5.0
11.919999999999922,4.0,17.06000000000027,1.0,21.090000000000078,-4.0,22.850000000000147,5.0
11.959999999999921,4.0,17.07000000000027,1.0,21.05000000000008,-4.0,22.900000000000148,5.0
11.99999999999992,4.0,17.080000000000272,1.0,21.01000000000008,-4.0,22.95000000000015,5.0
12.03999999999992,4.0,17.090000000000273,1.0,20.97000000000008,-4.0,23.00000000000015,5.0
12.079999999999918,4.0,17.100000000000275,1.0,20.93000000000008,-4.0,23.05000000000015,5.0
12.119999999999918,4.0,17.110000000000277,1.0,20.890000000000082,-4.0,23.10000000000015,5.0
12.159999999999917,4.0,17.120000000000278,1.0,20.850000000000083,-4.0,23.15000000000015,5.0
12.199999999999916,4.0,17.13000000000028,1.0,20.810000000000084,-4.0,23.200000000000152,5.0
12.239999999999915,4.0,17.14000000000028,1.0,20.770000000000085,-4.0,23.250000000000153,5.0
12.279999999999914,4.0,17.150000000000283,1.0,20.730000000000086,-4.0,23.300000000000153,5.0
12.319999999999913,4.0,17.160000000000284,1.0,20.690000000000087,-4.0,23.350000000000154,5.0
12.359999999999912,4.0,17.170000000000286,1.0,20.650000000000087,-4.0,23.400000000000155,5.0
12.399999999999912,4.0,17.180000000000287,1.0,20.61000000000009,-4.0,23.450000000000156,5.0
12.43999999999991,4.0,17.19000000000029,1.0,20.57000000000009,-4.0,23.500000000000156,5.0
12.47999999999991,4.0,17.20000000000029,1.0,20.53000000000009,-4.0,23.550000000000157,5.0
12.519999999999909,4.0,17.210000000000292,1.0,20.49000000000009,-4.0,23.600000000000158,5.0
12.559999999999908,4.0,17.220000000000294,1.0,20.45000000000009,-4.0,23.65000000000016,5.0
12.599999999999907,4.0,17.230000000000295,1.0,20.410000000000093,-4.0,23.70000000000016,5.0
12.639999999999906,4.0,17.240000000000297,1.0,20.370000000000093,-4.0,23.75000000000016,5.0
12.679999999999906,4.0,17.2500000000003,1.0,20.330000000000094,-4.0,23.80000000000016,5.0
12.719999999999905,4.0,17.2600000000003,1.0,20.290000000000095,-4.0,23.85000000000016,5.0
12.759999999999904,4.0,17.2700000000003,1.0,20.250000000000096,-4.0,23.900000000000162,5.0
12.799999999999903,4.0,17.280000000000303,1.0,20.210000000000097,-4.0,23.950000000000163,5.0
12.839999999999902,4.0,17.290000000000305,1.0,20.170000000000098,-4.0,24.000000000000163,5.0
12.879999999999901,4.0,17.300000000000306,1.0,20.1300000000001,-4.0,24.050000000000164,5.0
12.9199999999999,4.0,17.310000000000308,1.0,20.0900000000001,-4.0,24.100000000000165,5.0
12.9599999999999,4.0,17.32000000000031,1.0,20.0500000000001,-4.0,24.150000000000166,5.0
12.999999999999899,4.0,17.33000000000031,1.0,20.0100000000001,-4.0,24.200000000000166,5.0
13.039999999999898,4.0,17.340000000000312,1.0,19.970000000000102,-4.0,24.250000000000167,5.0
13.079999999999897,4.0,17.350000000000314,1.0,19.930000000000103,-4.0,24.300000000000168,5.0
13.119999999999896,4.0,17.360000000000316,1.0,19.890000000000104,-4.0,24.35000000000017,5.0
13.159999999999895,4.0,17.370000000000317,1.0,19.850000000000104,-4.0,24.40000000000017,5.0
13.199999999999894,4.0,17.38000000000032,1.0,19.810000000000105,-4.0,24.45000000000017,5.0
13.239999999999894,4.0,17.39000000000032,1.0,19.770000000000106,-4.0,24.50000000000017,5.0
13.279999999999893,4.0,17.400000000000322,1.0,19.730000000000107,-4.0,24.55000000000017,5.0
13.319999999999892,4.0,17.410000000000323,1.0,19.690000000000108,-4.0,24.600000000000172,5.0
13.359999999999891,4.0,17.420000000000325,1.0,19.65000000000011,-4.0,24.650000000000173,5.0
13.39999999999989,4.0,17.430000000000327,1.0,19.61000000000011,-4.0,24.700000000000173,5.0
13.43999999999989,4.0,17.440000000000328,1.0,19.57000000000011,-4.0,24.750000000000174,5.0
13.479999999999889,4.0,17.45000000000033,1.0,19.53000000000011,-4.0,24.800000000000175,5.0
13.519999999999888,4.0,17.46000000000033,1.0,19.490000000000112,-4.0,24.850000000000176,5.0
13.559999999999887,4.0,17.470000000000333,1.0,19.450000000000113,-4.0,24.900000000000176,5.0
13.599999999999886,4.0,17.480000000000334,1.0,19.410000000000114,-4.0,24.950000000000177,5.0
13.639999999999885,4.0,17.490000000000336,1.0,19.370000000000115,-4.0,25.000000000000178,5.0
13.679999999999884,4.0,17.500000000000338,1.0,19.330000000000116,-4.0,25.05000000000018,5.0
13.719999999999883,4.0,17.51000000000034,1.0,19.290000000000116,-4.0,25.10000000000018,5.0
13.759999999999883,4.0,17.52000000000034,1.0,19.250000000000117,-4.0,25.15000000000018,5.0
13.799999999999882,4.0,17.530000000000342,1.0,19.210000000000118,-4.0,25.20000000000018,5.0
13.83999999999988,4.0,17.540000000000344,1.0,19.17000000000012,-4.0,25.25000000000018,5.0
13.87999999999988,4.0,17.550000000000345,1.0,19.13000000000012,-4.0,25.300000000000182,5.0
13.91999999999988,4.0,17.560000000000347,1.0,19.09000000000012,-4.0,25.350000000000183,5.0
13.959999999999878,4.0,17.57000000000035,1.0,19.05000000000012,-4.0,25.400000000000183,5.0
13.999999999999877,4.0,17.58000000000035,1.0,19.010000000000122,-4.0,25.450000000000184,5.0
14.039999999999877,4.0,17.59000000000035,1.0,18.970000000000123,-4.0,25.500000000000185,5.0
14.079999999999876,4.0,17.600000000000353,1.0,18.930000000000124,-4.0,25.550000000000185,5.0
14.119999999999875,4.0,17.610000000000355,1.0,18.890000000000125,-4.0,25.600000000000186,5.0
14.159999999999874,4.0,17.620000000000356,1.0,18.850000000000126,-4.0,25.650000000000187,5.0
14.199999999999873,4.0,17.630000000000358,1.0,18.810000000000127,-4.0,25.700000000000188,5.0
14.239999999999872,4.0,17.64000000000036,1.0,18.770000000000127,-4.0,25.75000000000019,5.0
14.279999999999871,4.0,17.65000000000036,1.0,18.73000000000013,-4.0,25.80000000000019,5.0
14.31999999999987,4.0,17.660000000000363,1.0,18.69000000000013,-4.0,25.85000000000019,5.0
14.35999999999987,4.0,17.670000000000364,1.0,18.65000000000013,-4.0,25.90000000000019,5.0
14.399999999999869,4.0,17.630000000000365,1.0,18.66000000000013,-4.0,25.95000000000019,5.0
14.439999999999868,4.0,17.590000000000366,1.0,18.670000000000133,-4.0,26.000000000000192,5.0
14.479999999999867,4.0,17.550000000000367,1.0,18.680000000000135,-4.0,26.050000000000193,5.0
14.519999999999866,4.0,17.510000000000367,1.0,18.690000000000136,-4.0,26.100000000000193,5.0
14.559999999999865,4.0,17.47000000000037,1.0,18.700000000000138,-4.0,26.150000000000194,5.0
14.599999999999865,4.0,17.43000000000037,1.0,18.71000000000014,-4.0,26.200000000000195,5.0
14.639999999999864,4.0,17.39000000000037,-4.0,18.72000000000014,1.0,26.250000000000195,5.0
14.679999999999863,4.0,17.35000000000037,-4.0,18.730000000000143,1.0,26.300000000000196,5.0
14.719999999999862,4.0,17.31000000000037,-4.0,18.740000000000144,1.0,26.350000000000197,5.0
14.759999999999861,4.0,17.270000000000373,-4.0,18.750000000000146,1.0,26.400000000000198,5.0
14.79999999999986,4.0,17.230000000000373,-4.0,18.760000000000147,1.0,26.4500000000002,5.0
14.83999999999986,4.0,17.190000000000374,-4.0,18.77000000000015,1.0,26.5000000000002,5.0
14.879999999999859,4.0,17.150000000000375,-4.0,18.78000000000015,1.0,26.5500000000002,5.0
14.919999999999858,4.0,17.110000000000376,-4.0,18.790000000000152,1.0,26.6000000000002,5.0
14.959999999999857,4.0,17.070000000000377,-4.0,18.800000000000153,1.0,26.6500000000002,5.0
14.999999999999856,4.0,17.030000000000378,-4.0,18.810000000000155,1.0,26.700000000000202,5.0
15.039999999999855,4.0,16.99000000000038,-4.0,18.820000000000157,1.0,26.750000000000203,5.0
15.079999999999854,4.0,16.95000000000038,-4.0,18.830000000000158,1.0,26.800000000000203,5.0
15.119999999999854,4.0,16.91000000000038,-4.0,18.84000000000016,1.0,26.850000000000204,5.0
15.159999999999853,4.0,16.87000000000038,-4.0,18.85000000000016,1.0,26.900000000000205,5.0
15.199999999999852,4.0,16.830000000000382,-4.0,18.860000000000163,1.0,26.950000000000205,5.0
15.239999999999851,4.0,16.790000000000383,-4.0,18.870000000000164,1.0,27.000000000000206,5.0
15.27999999999985,4.0,16.750000000000384,-4.0,18.880000000000166,1.0,27.050000000000207,5.0
15.31999999999985,4.0,16.710000000000385,-4.0,18.890000000000168,1.0,27.100000000000207,5.0
15.359999999999848,4.0,16.670000000000385,-4.0,18.90000000000017,1.0,27.150000000000208,5.0
15.399999999999848,4.0,16.630000000000386,-4.0,18.91000000000017,1.0,27.20000000000021,5.0
15.439999999999847,4.0,16.590000000000387,-4.0,18.920000000000172,1.0,27.25000000000021,5.0
15.479999999999846,4.0,16.550000000000388,-4.0,18.930000000000174,1.0,27.30000000000021,5.0
15.519999999999845,4.0,16.590000000000387,-4.0,18.940000000000175,1.0,27.35000000000021,5.0
15.559999999999844,4.0,16.630000000000386,-4.0,18.950000000000177,1.0,27.40000000000021,5.0
15.519999999999845,4.0,16.670000000000385,-4.0,18.96000000000018,1.0,27.450000000000212,5.0
15.479999999999846,4.0,16.710000000000385,-4.0,18.97000000000018,1.0,27.500000000000213,5.0
15.439999999999847,4.0,16.750000000000384,-4.0,18.98000000000018,1.0,27.550000000000214,5.0
15.399999999999848,4.0,16.790000000000383,-4.0,18.990000000000183,1.0,27.600000000000215,5.0
15.359999999999848,-4.0,16.830000000000382,-4.0,19.000000000000185,1.0,27.650000000000215,5.0
15.31999999999985,-4.0,16.87000000000038,4.0,19.010000000000186,1.0,27.700000000000216,5.0
15.27999999999985,-4.0,16.91000000000038,4.0,19.020000000000188,1.0,27.750000000000217,5.0
15.239999999999851,-4.0,16.95000000000038,4.0,19.03000000000019,1.0,27.800000000000217,5.0
15.199999999999852,-4.0,16.99000000000038,4.0,19.04000000000019,1.0,27.850000000000218,5.0
15.159999999999853,-4.0,17.030000000000378,4.0,19.050000000000193,1.0,27.90000000000022,5.0
15.119999999999854,-4.0,17.070000000000377,4.0,19.060000000000194,1.0,27.95000000000022,5.0
15.079999999999854,-4.0,17.110000000000376,4.0,19.070000000000196,1.0,28.00000000000022,5.0
15.039999999999855,-4.0,17.150000000000375,4.0,19.080000000000197,1.0,28.05000000000022,5.0
14.999999999999856,-4.0,17.190000000000374,4.0,19.0900000000002,1.0,28.10000000000022,5.0
14.959999999999857,-4.0,17.230000000000373,4.0,19.1000000000002,1.0,28.150000000000222,5.0
14.919999999999858,-4.0,17.270000000000373,4.0,19.110000000000202,1.0,28.200000000000223,5.0
14.879999999999859,-4.0,17.31000000000037,4.0,19.120000000000203,1.0,28.250000000000224,5.0
14.83999999999986,-4.0,17.35000000000037,4.0,19.130000000000205,1.0,28.300000000000225,5.0
14.79999999999986,-4.0,17.39000000000037,4.0,19.140000000000207,1.0,28.350000000000225,5.0
14.759999999999861,-4.0,17.43000000000037,4.0,19.150000000000208,1.0,28.400000000000226,5.0
14.719999999999862,-4.0,17.47000000000037,4.0,19.16000000000021,1.0,28.450000000000227,5.0
14.679999999999863,-4.0,17.510000000000367,4.0,19.17000000000021,1.0,28.500000000000227,5.0
14.639999999999864,-4.0,17.550000000000367,4.0,19.180000000000213,1.0,28.550000000000228,5.0
14.599999999999865,-4.0,17.590000000000366,4.0,19.190000000000214,1.0,28.60000000000023,5.0
14.559999999999865,-4.0,17.630000000000365,4.0,19.200000000000216,1.0,28.65000000000023,5.0
14.519999999999866,-4.0,17.670000000000364,4.0,19.210000000000218,1.0,28.70000000000023,5.0
14.479999999999867,-4.0,17.710000000000363,4.0,19.22000000000022,1.0,28.75000000000023,5.0
14.439999999999868,-4.0,17.750000000000362,4.0,19.23000000000022,1.0,28.80000000000023,5.0
14.399999999999869,-4.0,17.79000000000036,4.0,19.240000000000222,1.0,28.850000000000232,5.0
14.35999999999987,-4.0,17.83000000000036,4.0,19.250000000000224,1.0,28.900000000000233,5.0
14.31999999999987,-4.0,17.87000000000036,4.0,19.260000000000225,1.0,28.950000000000234,5.0
14.279999999999871,-4.0,17.91000000000036,4.0,19.270000000000227,1.0,29.000000000000234,5.0
14.239999999999872,-4.0,17.950000000000358,4.0,19.28000000000023,1.0,29.0,5.0
14.199999999999873,-4.0,17.990000000000357,4.0,19.29000000000023,1.0,28.95,5.0
14.159999999999874,-4.0,18.030000000000356,4.0,19.30000000000023,1.0,28.9,5.0
14.119999999999875,-4.0,18.070000000000356,4.0,19.310000000000233,1.0,28.849999999999998,0.0
14.079999999999876,-4.0,18.110000000000355,4.0,19.320000000000235,1.0,28.799999999999997,-5.0
14.039999999999877,-4.0,18.150000000000354,4.0,19.330000000000236,1.0,28.749999999999996,-5.0
13.999999999999877,-4.0,18.190000000000353,4.0,19.340000000000238,1.0,28.699999999999996,-5.0
13.959999999999878,-4.0,18.230000000000352,4.0,19.35000000000024,1.0,28.649999999999995,-5.0
13.91999999999988,-4.0,18.27000000000035,4.0,19.36000000000024,1.0,28.599999999999994,-5.0
13.87999999999988,-4.0,18.31000000000035,4.0,19.370000000000243,1.0,28.549999999999994,-5.0
13.83999999999988,-4.0,18.35000000000035,4.0,19.380000000000244,1.0,28.499999999999993,-5.0
13.799999999999882,-4.0,18.39000000000035,4.0,19.390000000000246,1.0,28.449999999999992,-5.0
13.759999999999883,-4.0,18.40000000000035,4.0,19.430000000000245,1.0,28.39999999999999,-5.0
13.719999999999883,-4.0,18.410000000000352,4.0,19.470000000000244,1.0,28.34999999999999,-5.0
13.679999999999884,-4.0,18.420000000000353,4.0,19.510000000000243,1.0,28.29999999999999,-5.0
13.639999999999885,-4.0,18.430000000000355,4.0,19.550000000000242,1.0,28.24999999999999,-5.0
13.599999999999886,-4.0,18.440000000000357,4.0,19.59000000000024,1.0,28.19999999999999,-5.0
13.559999999999887,-4.0,18.450000000000358,4.0,19.63000000000024,1.0,28.149999999999988,-5.0
13.519999999999888,-4.0,18.46000000000036,4.0,19.67000000000024,1.0,28.099999999999987,-5.0
13.479999999999889,-4.0,18.47000000000036,4.0,19.71000000000024,4.0,28.049999999999986,-5.0
13.43999999999989,-4.0,18.480000000000363,1.0,19.750000000000238,4.0,27.999999999999986,-5.0
13.39999999999989,-4.0,18.490000000000364,1.0,19.790000000000237,4.0,27.949999999999985,-5.0
13.359999999999891,-4.0,18.500000000000366,1.0,19.830000000000236,4.0,27.899999999999984,-5.0
13.319999999999892,-4.0,18.510000000000367,1.0,19.870000000000235,4.0,27.849999999999984,-5.0
13.279999999999893,-4.0,18.52000000000037,1.0,19.910000000000235,4.0,27.799999999999983,-5.0
13.239999999999894,-4.0,18.53000000000037,1.0,19.950000000000234,4.0,27.749999999999982,-5.0
13.199999999999894,-4.0,18.540000000000372,1.0,19.990000000000233,4.0,27.69999999999998,-5.0
13.159999999999895,-4.0,18.550000000000374,1.0,20.030000000000232,4.0,27.64999999999998,-5.0
13.119999999999896,-4.0,18.560000000000375,1.0,20.07000000000023,4.0,27.59999999999998,-5.0
13.079999999999897,-4.0,18.570000000000377,1.0,20.11000000000023,4.0,27.54999999999998,-5.0
13.039999999999898,-4.0,18.58000000000038,1.0,20.15000000000023,4.0,27.49999999999998,-5.0
12.999999999999899,-4.0,18.59000000000038,1.0,20.19000000000023,4.0,27.449999999999978,-5.0
12.9599999999999,-4.0,18.60000000000038,1.0,20.230000000000228,4.0,27.399999999999977,-5.0
12.9199999999999,-4.0,18.610000000000383,1.0,20.270000000000227,4.0,27.349999999999977,-5.0
12.879999999999901,-4.0,18.620000000000385,1.0,20.310000000000226,4.0,27.299999999999976,-5.0
12.839999999999902,-4.0,18.630000000000386,1.0,20.350000000000225,4.0,27.249999999999975,-5.0
12.799999999999903,-4.0,18.640000000000388,1.0,20.390000000000224,4.0,27.199999999999974,-5.0
12.759999999999904,-4.0,18.65000000000039,1.0,20.430000000000224,4.0,27.149999999999974,-5.0
12.719999999999905,-4.0,18.66000000000039,1.0,20.470000000000223,4.0,27.099999999999973,-5.0
12.679999999999906,-4.0,18.670000000000393,1.0,20.510000000000222,4.0,27.049999999999972,-5.0
12.639999999999906,-4.0,18.680000000000394,1.0,20.55000000000022,4.0,26.99999999999997,-5.0
12.599999999999907,-4.0,18.690000000000396,1.0,20.59000000000022,4.0,26.94999999999997,-5.0
12.559999999999908,-4.0,18.700000000000397,1.0,20.63000000000022,4.0,26.89999999999997,-5.0
12.519999999999909,-4.0,18.7100000000004,1.0,20.67000000000022,4.0,26.84999999999997,-5.0
12.47999999999991,-4.0,18.7200000000004,1.0,20.710000000000218,4.0,26.79999999999997,-5.0
12.43999999999991,-4.0,18.730000000000402,1.0,20.750000000000217,4.0,26.749999999999968,-5.0
12.399999999999912,-4.0,18.740000000000403,1.0,20.790000000000216,4.0,26.699999999999967,-5.0
12.359999999999912,-4.0,18.750000000000405,1.0,20.830000000000215,4.0,26.649999999999967,-5.0
12.319999999999913,-4.0,18.760000000000407,1.0,20.870000000000214,4.0,26.599999999999966,-5.0
12.279999999999914,-4.0,18.770000000000408,1.0,20.910000000000213,4.0,26.549999999999965,-5.0
12.239999999999915,-4.0,18.78000000000041,1.0,20.950000000000212,4.0,26.499999999999964,-5.0
12.199999999999916,-4.0,18.79000000000041,1.0,20.99000000000021,4.0,26.449999999999964,-5.0
12.159999999999917,-4.0,18.800000000000413,1.0,21.03000000000021,4.0,26.399999999999963,-5.0
12.119999999999918,-4.0,18.810000000000414,1.0,21.07000000000021,4.0,26.349999999999962,-5.0
12.079999999999918,-4.0,18.820000000000416,1.0,21.11000000000021,4.0,26.29999999999996,-5.0
12.03999999999992,-4.0,18.830000000000418,1.0,21.150000000000208,4.0,26.24999999999996,-5.0
11.99999999999992,-4.0,18.84000000000042,1.0,21.190000000000207,4.0,26.19999999999996,-5.0
11.959999999999921,-4.0,18.85000000000042,1.0,21.230000000000206,4.0,26.14999999999996,-5.0
11.919999999999922,-4.0,18.860000000000422,1.0,21.270000000000206,4.0,26.09999999999996,-5.0
11.879999999999923,-4.0,18.870000000000424,1.0,21.310000000000205,4.0,26.049999999999958,-5.0
11.839999999999923,-4.0,18.880000000000425,1.0,21.350000000000204,4.0,25.999999999999957,-5.0
11.799999999999924,-4.0,18.890000000000427,1.0,21.390000000000203,4.0,25.949999999999957,-5.0
11.759999999999925,-4.0,18.90000000000043,1.0,21.430000000000202,4.0,25.899999999999956,-5.0
11.719999999999926,-4.0,18.91000000000043,1.0,21.4700000000002,4.0,25.849999999999955,-5.0
11.679999999999927,-4.0,18.92000000000043,1.0,21.5100000000002,4.0,25.799999999999955,-5.0
11.639999999999928,-4.0,18.930000000000433,1.0,21.5500000000002,4.0,25.749999999999954,-5.0
11.599999999999929,-4.0,18.940000000000435,1.0,21.5900000000002,4.0,25.699999999999953,-5.0
11.55999999999993,-4.0,18.950000000000436,1.0,21.630000000000198,4.0,25.649999999999952,-5.0
11.51999999999993,-4.0,18.960000000000438,1.0,21.670000000000197,4.0,25.59999999999995,-5.0
11.479999999999931,-4.0,18.97000000000044,1.0,21.710000000000196,4.0,25.54999999999995,-5.0
11.439999999999932,-4.0,18.98000000000044,1.0,21.750000000000195,4.0,25.49999999999995,-5.0
11.399999999999933,-4.0,18.990000000000443,1.0,21.790000000000195,4.0,25.44999999999995,-5.0
11.359999999999934,-4.0,19.000000000000444,1.0,21.830000000000194,4.0,25.39999999999995,-5.0
11.319999999999935,-4.0,19.010000000000446,1.0,21.870000000000193,4.0,25.349999999999948,-5.0
11.279999999999935,-4.0,19.020000000000447,1.0,21.910000000000192,4.0,25.299999999999947,-5.0
11.239999999999936,-4.0,19.03000000000045,1.0,21.95000000000019,4.0,25.249999999999947,-5.0
11.199999999999937,-4.0,19.04000000000045,1.0,21.99000000000019,4.0,25.199999999999946,-5.0
11.159999999999938,-4.0,19.050000000000452,1.0,22.03000000000019,4.0,25.149999999999945,-5.0
11.119999999999939,-4.0,19.060000000000453,1.0,22.07000000000019,4.0,25.099999999999945,-5.0
11.07999999999994,-4.0,19.070000000000455,1.0,22.110000000000188,4.0,25.049999999999944,-5.0
11.03999999999994,-4.0,19.080000000000457,1.0,22.150000000000187,4.0,24.999999999999943,-5.0
10.999999999999941,-4.0,19.090000000000458,1.0,22.190000000000186,4.0,24.949999999999942,-5.0
10.959999999999942,-4.0,19.10000000000046,1.0,22.230000000000185,4.0,24.89999999999994,-5.0
10.919999999999943,-4.0,19.11000000000046,1.0,22.270000000000184,4.0,24.84999999999994,-5.0
10.879999999999944,-4.0,19.120000000000463,1.0,22.310000000000183,4.0,24.79999999999994,-5.0
10.839999999999945,-4.0,19.130000000000464,1.0,22.350000000000183,4.0,24.74999999999994,-5.0
10.799999999999946,-4.0,19.140000000000466,1.0,22.39000000000018,4.0,24.69999999999994,-5.0
10.759999999999946,-4.0,19.150000000000468,1.0,22.43000000000018,4.0,24.649999999999938,-5.0
10.719999999999947,-4.0,19.16000000000047,1.0,22.47000000000018,4.0,24.599999999999937,-5.0
10.679999999999948,-4.0,19.17000000000047,1.0,22.51000000000018,4.0,24.549999999999937,-5.0
10.639999999999949,-4.0,19.180000000000472,1.0,22.55000000000018,4.0,24.499999999999936,-5.0
10.59999999999995,-4.0,19.190000000000474,1.0,22.590000000000177,4.0,24.449999999999935,-5.0
10.55999999999995,-4.0,19.200000000000475,1.0,22.630000000000177,4.0,24.399999999999935,-5.0
10.519999999999952,-4.0,19.210000000000477,1.0,22.670000000000176,4.0,24.349999999999934,-5.0
10.479999999999952,-4.0,19.22000000000048,1.0,22.710000000000175,4.0,24.299999999999933,-5.0
10.439999999999953,-4.0,19.23000000000048,1.0,22.750000000000174,4.0,24.249999999999932,-5.0
10.399999999999954,-4.0,19.24000000000048,1.0,22.790000000000173,4.0,24.199999999999932,-5.0
10.359999999999955,-4.0,19.250000000000483,1.0,22.830000000000172,4.0,24.14999999999993,-5.0
10.319999999999956,-4.0,19.260000000000485,1.0,22.87000000000017,4.0,24.09999999999993,-5.0
10.279999999999957,-4.0,19.270000000000486,1.0,22.91000000000017,4.0,24.04999999999993,-5.0
10.239999999999958,-4.0,19.280000000000488,1.0,22.95000000000017,4.0,23.99999999999993,-5.0
10.199999999999958,-4.0,19.29000000000049,1.0,22.90000000000017,4.0,23.94999999999993,-5.0
10.15999999999996,-4.0,19.30000000000049,1.0,22.85000000000017,4.0,23.899999999999928,-5.0
10.11999999999996,-4.0,19.310000000000493,1.0,22.800000000000168,4.0,23.939999999999927,-5.0
10.079999999999961,-4.0,19.320000000000494,1.0,22.750000000000167,4.0,23.979999999999926,-5.0
10.039999999999962,-4.0,19.330000000000496,1.0,22.700000000000166,4.0,24.019999999999925,-5.0
9.999999999999963,-4.0,19.340000000000497,1.0,22.650000000000166,4.0,24.059999999999924,-5.0
9.959999999999964,-4.0,19.3500000000005,1.0,22.600000000000165,4.0,24.099999999999923,4.0
9.919999999999964,-4.0,19.3600000000005,1.0,22.550000000000164,4.0,24.139999999999922,4.0
9.879999999999965,-4.0,19.370000000000502,1.0,22.500000000000163,-5.0,24.17999999999992,4.0
9.839999999999966,-4.0,19.380000000000503,1.0,22.450000000000163,-5.0,24.21999999999992,4.0
9.799999999999967,-4.0,19.390000000000505,1.0,22.400000000000162,-5.0,24.25999999999992,4.0
9.759999999999968,-4.0,19.400000000000507,1.0,22.35000000000016,-5.0,24.29999999999992,4.0
9.719999999999969,-4.0,19.410000000000508,1.0,22.30000000000016,-5.0,24.339999999999918,4.0
9.67999999999997,-4.0,19.42000000000051,1.0,22.25000000000016,-5.0,24.379999999999917,4.0
9.63999999999997,-4.0,19.43000000000051,1.0,22.20000000000016,-5.0,24.419999999999916,4.0
9.599999999999971,-4.0,19.440000000000513,1.0,22.15000000000016,-5.0,24.459999999999916,4.0
9.559999999999972,-4.0,19.450000000000514,1.0,22.100000000000158,-5.0,24.499999999999915,4.0
9.519999999999973,-4.0,19.460000000000516,1.0,22.050000000000157,-5.0,24.539999999999914,4.0
9.479999999999974,-4.0,19.470000000000518,1.0,22.000000000000156,-5.0,24.579999999999913,4.0
9.439999999999975,-4.0,19.48000000000052,1.0,21.950000000000156,-5.0,24.619999999999912,4.0
9.399999999999975,-4.0,19.49000000000052,1.0,21.900000000000155,-5.0,24.65999999999991,4.0
9.359999999999976,-4.0,19.500000000000522,1.0,21.850000000000154,-5.0,24.69999999999991,4.0
9.319999999999977,-4.0,19.510000000000524,1.0,21.800000000000153,-5.0,24.73999999999991,4.0
9.279999999999978,-4.0,19.520000000000525,1.0,21.750000000000153,-5.0,24.77999999999991,4.0
9.239999999999979,-4.0,19.530000000000527,1.0,21.700000000000152,-5.0,24.819999999999908,4.0
9.19999999999998,-4.0,19.54000000000053,1.0,21.65000000000015,-5.0,24.859999999999907,4.0
9.15999999999998,-4.0,19.55000000000053,1.0,21.60000000000015,-5.0,24.899999999999906,4.0
9.119999999999981,-4.0,19.56000000000053,1.0,21.55000000000015,-5.0,24.939999999999905,4.0
9.079999999999982,-4.0,19.570000000000533,1.0,21.50000000000015,-5.0,24.979999999999905,4.0
9.039999999999983,-4.0,19.580000000000535,1.0,21.45000000000015,-5.0,25.019999999999904,4.0
8.999999999999984,-4.0,19.590000000000536,1.0,21.400000000000148,-5.0,25.059999999999903,4.0
8.959999999999985,-4.0,19.600000000000538,1.0,21.350000000000147,-5.0,25.099999999999902,4.0
8.919999999999986,-4.0,19.61000000000054,1.0,21.300000000000146,-5.0,25.1399999999999,4.0
8.879999999999987,-4.0,19.62000000000054,1.0,21.250000000000146,-5.0,25.1799999999999,4.0
8.839999999999987,-4.0,19.630000000000543,1.0,21.200000000000145,-5.0,25.2199999999999,4.0
8.799999999999988,-4.0,19.640000000000544,1.0,21.150000000000144,-5.0,25.2599999999999,4.0
8.75999999999999,-4.0,19.650000000000546,1.0,21.100000000000144,-5.0,25.299999999999898,4.0
8.71999999999999,-4.0,19.660000000000547,1.0,21.050000000000143,-5.0,25.339999999999897,4.0
8.67999999999999,-4.0,19.67000000000055,1.0,21.000000000000142,-5.0,25.379999999999896,4.0
8.639999999999992,-4.0,19.68000000000055,1.0,20.95000000000014,-5.0,25.419999999999895,4.0
8.599999999999993,-4.0,19.690000000000552,1.0,20.90000000000014,-5.0,25.459999999999894,4.0
8.559999999999993,-4.0,19.700000000000554,1.0,20.85000000000014,-5.0,25.499999999999893,4.0
8.519999999999994,-4.0,19.710000000000555,1.0,20.80000000000014,-5.0,25.539999999999893,4.0
8.479999999999995,-4.0,19.720000000000557,1.0,20.75000000000014,-5.0,25.57999999999989,4.0
8.439999999999996,-4.0,19.730000000000558,1.0,20.700000000000138,-5.0,25.61999999999989,4.0
8.399999999999997,-4.0,19.680000000000557,1.0,20.71000000000014,-5.0,25.65999999999989,4.0
8.359999999999998,-4.0,19.630000000000557,1.0,20.72000000000014,-5.0,25.69999999999989,4.0
8.319999999999999,-4.0,19.580000000000556,1.0,20.730000000000143,-5.0,25.73999999999989,4.0
8.28,-4.0,19.530000000000555,1.0,20.740000000000144,-5.0,25.779999999999887,4.0
8.24,-4.0,19.480000000000555,1.0,20.750000000000146,-5.0,25.819999999999887,4.0
8.200000000000001,-4.0,19.430000000000554,1.0,20.760000000000147,-5.0,25.859999999999886,4.0
8.160000000000002,-4.0,19.380000000000553,1.0,20.77000000000015,-5.0,25.899999999999885,4.0
8.120000000000003,-4.0,19.330000000000553,1.0,20.78000000000015,-5.0,25.939999999999884,4.0
8.080000000000004,-4.0,19.280000000000552,1.0,20.790000000000152,-5.0,25.979999999999883,4.0
8.040000000000004,-4.0,19.23000000000055,-5.0,20.800000000000153,1.0,26.019999999999882,4.0
8.000000000000005,-4.0,19.18000000000055,-5.0,20.810000000000155,1.0,26.05999999999988,4.0
7.960000000000005,-4.0,19.13000000000055,-5.0,20.820000000000157,1.0,26.09999999999988,4.0
7.920000000000005,-4.0,19.08000000000055,-5.0,20.830000000000158,1.0,26.13999999999988,4.0
7.880000000000005,-4.0,19.03000000000055,-5.0,20.84000000000016,1.0,26.17999999999988,4.0
7.840000000000005,-4.0,18.980000000000548,-5.0,20.85000000000016,1.0,26.219999999999878,4.0
7.800000000000005,-4.0,18.930000000000547,-5.0,20.860000000000163,1.0,26.259999999999877,4.0
7.760000000000005,-4.0,18.880000000000546,-5.0,20.870000000000164,1.0,26.299999999999876,4.0
7.720000000000005,-4.0,18.830000000000545,-5.0,20.880000000000166,1.0,26.339999999999876,4.0
7.680000000000005,-4.0,18.780000000000545,-5.0,20.890000000000168,1.0,26.379999999999875,4.0
7.640000000000005,-4.0,18.730000000000544,-5.0,20.90000000000017,1.0,26.419999999999874,4.0
7.600000000000005,-4.0,18.680000000000543,-5.0,20.91000000000017,1.0,26.459999999999873,4.0
7.560000000000005,-4.0,18.630000000000543,-5.0,20.920000000000172,1.0,26.499999999999872,4.0
7.520000000000005,-4.0,18.580000000000542,-5.0,20.930000000000174,1.0,26.53999999999987,4.0
7.480000000000005,-4.0,18.53000000000054,-5.0,20.940000000000175,1.0,26.57999999999987,4.0
7.440000000000005,-4.0,18.48000000000054,-5.0,20.950000000000177,1.0,26.61999999999987,4.0
7.400000000000005,-4.0,18.43000000000054,-5.0,20.96000000000018,1.0,26.65999999999987,4.0
7.360000000000005,-4.0,18.38000000000054,-5.0,20.97000000000018,1.0,26.699999999999868,4.0
7.320000000000005,-4.0,18.33000000000054,-5.0,20.98000000000018,1.0,26.739999999999867,4.0
7.280000000000005,-4.0,,-5.0,,1.0,26.779999999999866,4.0
7.240000000000005,-4.0,,-5.0,,1.0,26.819999999999865,4.0
,-4.0,,-5.0,,1.0,,4.0
,-4.0,,-5.0,,1.0,,4.0
,-4.0,,-5.0,,1.0,,4.0
,-4.0,,-5.0,,1.0,,4.0
,-4.0,,-5.0,,1.0,,4.0
,,,-5.0,,1.0,,
,,,-5.0,,1.0,,
,,,-5.0,,1.0,,
