0_x,0_vx,1_x,1_vx,2_x,2_vx
1.0,5.0,5.0,-2.0,3.0,1.0
1.05,5.0,4.98,-2.0,3.01,1.0
1.1,5.0,4.99,1.0,2.9899999999999998,-2.0
1.1500000000000001,5.0,4.970000000000001,1.0,2.9999999999999996,-2.0
1.2000000000000002,5.0,4.98,-2.0,2.9799999999999995,1.0
1.2500000000000002,5.0,4.960000000000001,-2.0,2.9899999999999993,1.0
1.3000000000000003,5.0,4.970000000000001,1.0,2.9699999999999993,-2.0
1.3500000000000003,5.0,4.950000000000001,1.0,2.979999999999999,-2.0
1.4000000000000004,5.0,4.960000000000001,-2.0,2.959999999999999,1.0
1.4500000000000004,5.0,4.940000000000001,-2.0,2.969999999999999,1.0
1.5000000000000004,5.0,4.950000000000001,1.0,2.949999999999999,-2.0
1.5500000000000005,5.0,4.9300000000000015,1.0,2.9599999999999986,-2.0
1.6000000000000005,5.0,4.940000000000001,-2.0,2.9399999999999986,1.0
1.6500000000000006,5.0,4.920000000000002,-2.0,2.9499999999999984,1.0
1.7000000000000006,5.0,4.9300000000000015,1.0,2.9299999999999984,-2.0
1.7500000000000007,5.0,4.910000000000002,1.0,2.939999999999998,-2.0
1.8000000000000007,5.0,4.920000000000002,-2.0,2.919999999999998,1.0
1.8500000000000008,5.0,4.900000000000002,-2.0,2.929999999999998,1.0
1.9000000000000008,5.0,4.910000000000002,1.0,2.909999999999998,-2.0
1.9500000000000008,5.0,4.890000000000002,1.0,2.9199999999999977,-2.0
1.9600000000000009,1.0,4.940000000000002,-2.0,2.8999999999999977,1.0
1.9400000000000008,1.0,4.950000000000002,-2.0,2.9499999999999975,1.0
1.9200000000000008,-2.0,5.000000000000002,1.0,2.9599999999999973,-2.0
1.9000000000000008,-2.0,5.010000000000002,1.0,3.009999999999997,-2.0
1.8800000000000008,-2.0,5.060000000000001,-2.0,3.019999999999997,1.0
1.8600000000000008,-2.0,5.070000000000001,-2.0,3.0699999999999967,1.0
1.8400000000000007,-2.0,5.120000000000001,1.0,3.0799999999999965,-2.0
1.8200000000000007,-2.0,5.130000000000001,1.0,3.1299999999999963,-2.0
1.8000000000000007,-2.0,5.180000000000001,-2.0,3.139999999999996,1.0
1.7800000000000007,-2.0,5.19,-2.0,3.189999999999996,1.0
1.7600000000000007,-2.0,5.24,1.0,3.1999999999999957,-2.0
1.7400000000000007,-2.0,5.25,1.0,3.2499999999999956,-2.0
1.7200000000000006,-2.0,5.3,-2.0,3.2599999999999953,1.0
1.7000000000000006,-2.0,5.31,-2.0,3.309999999999995,1.0
1.6800000000000006,-2.0,5.359999999999999,1.0,3.319999999999995,-2.0
1.6600000000000006,-2.0,5.369999999999999,1.0,3.3699999999999948,-2.0
1.6400000000000006,-2.0,5.419999999999999,-2.0,3.3799999999999946,1.0
1.6200000000000006,-2.0,5.429999999999999,-2.0,3.4299999999999944,1.0
1.6000000000000005,-2.0,5.479999999999999,5.0,3.439999999999994,5.0
1.5800000000000005,-2.0,5.489999999999998,5.0,3.489999999999994,-2.0
1.5600000000000005,-2.0,5.539999999999998,1.0,3.499999999999994,-2.0
1.5400000000000005,-2.0,5.549999999999998,1.0,3.5499999999999936,1.0
1.5200000000000005,-2.0,5.599999999999998,5.0,3.5599999999999934,5.0
1.5000000000000004,-2.0,5.609999999999998,5.0,3.609999999999993,5.0
1.4800000000000004,-2.0,5.6599999999999975,1.0,3.619999999999993,1.0
1.4600000000000004,-2.0,5.669999999999997,1.0,3.669999999999993,1.0
1.4400000000000004,-2.0,5.719999999999997,5.0,3.6799999999999926,5.0
1.4200000000000004,-2.0,5.729999999999997,5.0,3.7299999999999924,5.0
1.4000000000000004,-2.0,5.779999999999997,1.0,3.739999999999992,1.0
1.3800000000000003,-2.0,5.7899999999999965,1.0,3.789999999999992,1.0
1.3600000000000003,-2.0,5.839999999999996,5.0,3.799999999999992,5.0
1.3400000000000003,-2.0,5.849999999999996,5.0,3.8499999999999917,5.0
1.3200000000000003,-2.0,5.899999999999996,1.0,3.8599999999999914,1.0
1.3000000000000003,-2.0,5.909999999999996,1.0,3.9099999999999913,1.0
1.2800000000000002,-2.0,5.9599999999999955,5.0,3.919999999999991,5.0
1.2600000000000002,-2.0,5.969999999999995,5.0,3.969999999999991,5.0
1.2400000000000002,-2.0,6.019999999999995,1.0,3.9799999999999907,1.0
1.2200000000000002,-2.0,6.029999999999995,1.0,4.0299999999999905,1.0
1.2000000000000002,-2.0,6.079999999999995,5.0,4.03999999999999,5.0
1.1800000000000002,-2.0,6.0899999999999945,5.0,4.08999999999999,5.0
1.1600000000000001,-2.0,6.139999999999994,1.0,4.09999999999999,1.0
1.1400000000000001,-2.0,6.149999999999994,1.0,4.14999999999999,1.0
1.12,-2.0,6.199999999999994,5.0,4.1599999999999895,5.0
1.1,-2.0,6.209999999999994,5.0,4.209999999999989,5.0
1.08,-2.0,6.259999999999994,1.0,4.219999999999989,1.0
1.06,-2.0,6.269999999999993,1.0,4.269999999999989,1.0
1.04,-2.0,6.319999999999993,5.0,4.279999999999989,5.0
1.02,-2.0,6.329999999999993,5.0,4.3299999999999885,5.0
1.0,-2.0,6.379999999999993,1.0,4.339999999999988,1.0
0.98,-2.0,6.389999999999993,1.0,4.389999999999988,1.0
0.96,-2.0,6.439999999999992,5.0,4.399999999999988,5.0
0.94,-2.0,6.449999999999992,5.0,4.449999999999988,5.0
0.9199999999999999,-2.0,6.499999999999992,1.0,4.4599999999999875,1.0
0.8999999999999999,-2.0,6.509999999999992,1.0,4.509999999999987,1.0
0.8799999999999999,-2.0,6.559999999999992,5.0,4.519999999999987,5.0
0.8599999999999999,-2.0,6.569999999999991,5.0,4.569999999999987,5.0
0.8399999999999999,-2.0,6.619999999999991,1.0,4.579999999999987,1.0
0.8199999999999998,-2.0,6.629999999999991,1.0,4.629999999999987,1.0
0.7999999999999998,-2.0,6.679999999999991,5.0,4.639999999999986,5.0
0.7799999999999998,-2.0,6.689999999999991,5.0,4.689999999999986,5.0
0.7599999999999998,-2.0,6.73999999999999,1.0,4.699999999999986,1.0
0.7399999999999998,-2.0,6.74999999999999,1.0,4.749999999999986,1.0
0.7199999999999998,-2.0,6.79999999999999,5.0,4.759999999999986,5.0
0.6999999999999997,-2.0,6.80999999999999,5.0,4.809999999999985,5.0
0.6799999999999997,-2.0,6.85999999999999,1.0,4.819999999999985,1.0
0.6599999999999997,-2.0,6.8699999999999894,1.0,4.869999999999985,1.0
0.6399999999999997,-2.0,6.919999999999989,5.0,4.879999999999985,5.0
0.6199999999999997,-2.0,6.929999999999989,5.0,4.929999999999985,5.0
0.5999999999999996,-2.0,6.979999999999989,1.0,4.939999999999984,1.0
0.5799999999999996,-2.0,6.989999999999989,1.0,4.989999999999984,1.0
0.5599999999999996,-2.0,7.0399999999999885,5.0,4.999999999999984,5.0
0.5399999999999996,-2.0,7.049999999999988,5.0,5.049999999999984,5.0
0.5199999999999996,-2.0,7.099999999999988,1.0,5.059999999999984,1.0
0.49999999999999956,-2.0,7.109999999999988,1.0,5.1099999999999834,1.0
0.47999999999999954,-2.0,7.159999999999988,5.0,5.119999999999983,5.0
0.4599999999999995,-2.0,7.1699999999999875,5.0,5.169999999999983,5.0
0.4399999999999995,-2.0,7.219999999999987,1.0,5.179999999999983,1.0
0.4199999999999995,-2.0,7.229999999999987,1.0,5.229999999999983,1.0
0.39999999999999947,-2.0,7.279999999999987,5.0,5.2399999999999824,5.0
0.37999999999999945,-2.0,7.289999999999987,5.0,5.289999999999982,5.0
0.35999999999999943,-2.0,7.3399999999999865,1.0,5.299999999999982,1.0
0.3399999999999994,-2.0,7.349999999999986,1.0,5.349999999999982,1.0
0.3199999999999994,-2.0,7.399999999999986,5.0,5.359999999999982,5.0
0.2999999999999994,-2.0,7.409999999999986,5.0,5.4099999999999815,5.0
0.27999999999999936,-2.0,7.459999999999986,1.0,5.419999999999981,1.0
0.25999999999999934,-2.0,7.4699999999999855,1.0,5.469999999999981,1.0
0.23999999999999935,-2.0,7.519999999999985,5.0,5.479999999999981,5.0
0.21999999999999936,-2.0,7.529999999999985,5.0,5.529999999999981,5.0
0.19999999999999937,-2.0,7.579999999999985,1.0,5.5399999999999805,1.0
0.17999999999999938,-2.0,7.589999999999985,1.0,5.58999999999998,1.0
0.1599999999999994,-2.0,7.639999999999985,5.0,5.59999999999998,5.0
0.1399999999999994,-2.0,7.649999999999984,5.0,5.64999999999998,5.0
0.1199999999999994,-2.0,7.699999999999984,1.0,5.65999999999998,1.0
0.0999999999999994,-2.0,7.709999999999984,1.0,5.7099999999999795,1.0
0.07999999999999939,-2.0,7.759999999999984,5.0,5.719999999999979,5.0
0.05999999999999939,-2.0,7.769999999999984,5.0,5.769999999999979,5.0
0.03999999999999938,-2.0,7.819999999999983,1.0,5.779999999999979,1.0
0.019999999999999383,-2.0,7.829999999999983,1.0,5.829999999999979,1.0
-6.175615574477433e-16,-2.0,7.879999999999983,5.0,5.8399999999999785,5.0
0.0,-2.0,7.889999999999983,5.0,5.889999999999978,5.0
0.02,-2.0,7.939999999999983,1.0,5.899999999999978,1.0
0.04,0.0,7.949999999999982,1.0,5.949999999999978,1.0
0.06,2.0,7.999999999999982,5.0,5.959999999999978,5.0
0.08,2.0,8.009999999999982,5.0,6.009999999999978,5.0
0.1,2.0,8.059999999999983,1.0,6.019999999999977,1.0
0.12000000000000001,2.0,8.069999999999983,1.0,6.069999999999977,1.0
0.14,2.0,8.119999999999983,5.0,6.079999999999977,5.0
0.16,2.0,8.129999999999983,5.0,6.129999999999977,5.0
0.18,2.0,8.179999999999984,1.0,6.139999999999977,1.0
0.19999999999999998,2.0,8.189999999999984,1.0,6.189999999999976,1.0
0.21999999999999997,2.0,8.239999999999984,5.0,6.199999999999976,5.0
0.23999999999999996,2.0,8.249999999999984,5.0,6.249999999999976,5.0
0.25999999999999995,2.0,8.299999999999985,1.0,6.259999999999976,1.0
0.27999999999999997,2.0,8.309999999999985,1.0,6.309999999999976,1.0
0.3,2.0,8.359999999999985,5.0,6.319999999999975,5.0
0.32,2.0,8.369999999999985,5.0,6.369999999999975,5.0
0.34,2.0,8.419999999999986,1.0,6.379999999999975,1.0
0.36000000000000004,2.0,8.429999999999986,1.0,6.429999999999975,1.0
0.38000000000000006,2.0,8.479999999999986,5.0,6.439999999999975,5.0
0.4000000000000001,2.0,8.489999999999986,5.0,6.4899999999999745,5.0
0.4200000000000001,2.0,8.539999999999987,1.0,6.499999999999974,1.0
0.4400000000000001,2.0,8.549999999999986,1.0,6.549999999999974,1.0
0.46000000000000013,2.0,8.599999999999987,5.0,6.559999999999974,5.0
0.48000000000000015,2.0,8.609999999999987,5.0,6.609999999999974,5.0
0.5000000000000001,2.0,8.659999999999988,1.0,6.6199999999999735,1.0
0.5200000000000001,2.0,8.669999999999987,1.0,6.669999999999973,1.0
0.5400000000000001,2.0,8.719999999999988,5.0,6.679999999999973,5.0
0.5600000000000002,2.0,8.729999999999988,5.0,6.729999999999973,5.0
0.5800000000000002,2.0,8.779999999999989,1.0,6.739999999999973,1.0
0.6000000000000002,2.0,8.789999999999988,1.0,6.7899999999999725,1.0
0.6200000000000002,2.0,8.83999999999999,5.0,6.799999999999972,5.0
0.6400000000000002,2.0,8.849999999999989,5.0,6.849999999999972,5.0
0.6600000000000003,2.0,8.89999999999999,1.0,6.859999999999972,1.0
0.6800000000000003,2.0,8.90999999999999,1.0,6.909999999999972,1.0
0.7000000000000003,2.0,8.95999999999999,5.0,6.9199999999999715,5.0
0.7200000000000003,2.0,8.96999999999999,5.0,6.969999999999971,5.0
0.7400000000000003,2.0,9.01999999999999,1.0,6.979999999999971,1.0
0.7600000000000003,2.0,9.0,1.0,6.929999999999971,1.0
0.7800000000000004,2.0,9.01,5.0,6.9199999999999715,5.0
0.8000000000000004,2.0,9.0,5.0,6.869999999999972,5.0
0.8200000000000004,2.0,8.95,1.0,6.859999999999972,1.0
0.8400000000000004,2.0,8.94,1.0,6.809999999999972,1.0
0.8600000000000004,2.0,8.889999999999999,5.0,6.799999999999972,5.0
0.8800000000000004,2.0,8.879999999999999,5.0,6.7499999999999725,5.0
0.9000000000000005,2.0,8.829999999999998,1.0,6.739999999999973,1.0
0.9200000000000005,2.0,8.819999999999999,1.0,6.689999999999973,1.0
0.9400000000000005,2.0,8.769999999999998,5.0,6.679999999999973,5.0
0.9600000000000005,2.0,8.759999999999998,5.0,6.629999999999973,5.0
0.9800000000000005,2.0,8.709999999999997,1.0,6.6199999999999735,1.0
1.0000000000000004,2.0,8.699999999999998,1.0,6.569999999999974,1.0
1.0200000000000005,2.0,8.649999999999997,5.0,6.559999999999974,5.0
1.0400000000000005,2.0,8.639999999999997,5.0,6.509999999999974,5.0
1.0600000000000005,2.0,8.589999999999996,1.0,6.499999999999974,1.0
1.0800000000000005,2.0,8.579999999999997,1.0,6.449999999999974,1.0
1.1000000000000005,2.0,8.529999999999996,5.0,6.439999999999975,5.0
1.1200000000000006,2.0,8.519999999999996,5.0,6.389999999999975,5.0
1.1400000000000006,2.0,8.469999999999995,1.0,6.379999999999975,1.0
1.1600000000000006,2.0,8.459999999999996,1.0,6.329999999999975,1.0
1.1800000000000006,2.0,8.409999999999995,5.0,6.319999999999975,5.0
1.2000000000000006,2.0,8.399999999999995,5.0,6.269999999999976,5.0
1.2200000000000006,2.0,8.349999999999994,1.0,6.259999999999976,1.0
1.2400000000000007,2.0,8.339999999999995,1.0,6.209999999999976,1.0
1.2600000000000007,2.0,8.289999999999994,5.0,6.199999999999976,5.0
1.2800000000000007,2.0,8.279999999999994,5.0,6.149999999999976,5.0
1.3000000000000007,2.0,8.229999999999993,1.0,6.139999999999977,1.0
1.3200000000000007,2.0,8.219999999999994,1.0,6.089999999999977,1.0
1.3400000000000007,2.0,8.169999999999993,5.0,6.079999999999977,5.0
1.3600000000000008,2.0,8.159999999999993,5.0,6.029999999999977,5.0
1.3800000000000008,2.0,8.109999999999992,1.0,6.019999999999977,1.0
1.4000000000000008,2.0,8.099999999999993,1.0,5.9699999999999775,1.0
1.4200000000000008,2.0,8.049999999999992,5.0,5.959999999999978,5.0
1.4400000000000008,2.0,8.039999999999992,5.0,5.909999999999978,5.0
1.4600000000000009,2.0,7.989999999999992,1.0,5.899999999999978,1.0
1.4800000000000009,2.0,7.979999999999992,1.0,5.849999999999978,1.0
1.5000000000000009,2.0,7.929999999999993,5.0,5.8399999999999785,5.0
1.520000000000001,2.0,7.919999999999993,5.0,5.789999999999979,5.0
1.540000000000001,2.0,7.869999999999993,1.0,5.779999999999979,1.0
1.560000000000001,2.0,7.859999999999993,1.0,5.729999999999979,1.0
1.580000000000001,2.0,7.809999999999993,5.0,5.719999999999979,5.0
1.600000000000001,2.0,7.799999999999994,5.0,5.6699999999999795,5.0
1.620000000000001,2.0,7.749999999999994,1.0,5.65999999999998,1.0
1.640000000000001,2.0,7.739999999999994,1.0,5.60999999999998,1.0
1.660000000000001,2.0,7.689999999999994,5.0,5.59999999999998,5.0
1.680000000000001,2.0,7.679999999999994,5.0,5.54999999999998,5.0
1.700000000000001,2.0,7.629999999999995,1.0,5.5399999999999805,1.0
1.720000000000001,2.0,7.619999999999995,1.0,5.489999999999981,1.0
1.740000000000001,2.0,7.569999999999995,5.0,5.479999999999981,5.0
1.7600000000000011,2.0,7.559999999999995,5.0,5.429999999999981,5.0
1.7800000000000011,2.0,7.509999999999995,1.0,5.419999999999981,1.0
1.8000000000000012,2.0,7.499999999999996,1.0,5.3699999999999815,1.0
1.8200000000000012,2.0,7.449999999999996,5.0,5.359999999999982,5.0
1.8400000000000012,2.0,7.439999999999996,5.0,5.309999999999982,5.0
1.8600000000000012,2.0,7.389999999999996,1.0,5.299999999999982,1.0
1.8800000000000012,2.0,7.379999999999996,1.0,5.249999999999982,1.0
1.9000000000000012,2.0,7.3299999999999965,5.0,5.2399999999999824,5.0
1.9200000000000013,2.0,7.319999999999997,5.0,5.189999999999983,5.0
1.9400000000000013,2.0,7.269999999999997,1.0,5.179999999999983,1.0
1.9600000000000013,2.0,7.259999999999997,1.0,5.129999999999983,1.0
1.9800000000000013,2.0,7.209999999999997,5.0,5.119999999999983,5.0
2.0000000000000013,2.0,7.1999999999999975,5.0,5.069999999999983,5.0
2.0200000000000014,2.0,7.149999999999998,1.0,5.059999999999984,1.0
2.0400000000000014,2.0,7.139999999999998,1.0,5.009999999999984,1.0
2.0600000000000014,2.0,7.089999999999998,5.0,4.999999999999984,5.0
2.0800000000000014,2.0,7.079999999999998,5.0,4.949999999999984,5.0
2.1000000000000014,2.0,7.0299999999999985,1.0,4.939999999999984,1.0
2.1200000000000014,2.0,7.019999999999999,1.0,4.889999999999985,1.0
2.1400000000000015,2.0,6.969999999999999,5.0,4.879999999999985,5.0
2.1600000000000015,2.0,6.959999999999999,5.0,4.829999999999985,5.0
2.1800000000000015,2.0,6.909999999999999,1.0,4.819999999999985,1.0
2.2000000000000015,2.0,6.8999999999999995,1.0,4.769999999999985,1.0
2.2200000000000015,2.0,6.85,5.0,4.759999999999986,5.0
2.2400000000000015,2.0,6.84,5.0,4.709999999999986,5.0
2.2600000000000016,2.0,6.79,1.0,4.699999999999986,1.0
2.2800000000000016,2.0,6.78,1.0,4.649999999999986,1.0
2.3000000000000016,2.0,6.73,5.0,4.639999999999986,5.0
2.3200000000000016,2.0,6.720000000000001,5.0,4.5899999999999865,5.0
2.3400000000000016,2.0,6.670000000000001,1.0,4.579999999999987,1.0
2.3600000000000017,2.0,6.660000000000001,1.0,4.529999999999987,1.0
2.3800000000000017,2.0,6.610000000000001,5.0,4.519999999999987,5.0
2.4000000000000017,2.0,6.600000000000001,5.0,4.469999999999987,5.0
2.4200000000000017,2.0,6.550000000000002,1.0,4.4599999999999875,1.0
2.4400000000000017,2.0,6.540000000000002,1.0,4.409999999999988,1.0
2.4600000000000017,2.0,6.490000000000002,5.0,4.399999999999988,5.0
2.4800000000000018,2.0,6.480000000000002,5.0,4.349999999999988,5.0
2.5000000000000018,2.0,6.430000000000002,1.0,4.339999999999988,1.0
2.520000000000002,2.0,6.420000000000003,1.0,4.2899999999999885,1.0
2.540000000000002,2.0,6.370000000000003,5.0,4.279999999999989,5.0
2.560000000000002,2.0,6.360000000000003,5.0,4.229999999999989,5.0
2.580000000000002,2.0,6.310000000000003,1.0,4.219999999999989,1.0
2.600000000000002,2.0,6.300000000000003,1.0,4.169999999999989,1.0
2.620000000000002,2.0,6.2500000000000036,5.0,4.1599999999999895,5.0
2.640000000000002,2.0,6.240000000000004,5.0,4.10999999999999,5.0
2.660000000000002,2.0,6.190000000000004,1.0,4.09999999999999,1.0
2.680000000000002,2.0,6.180000000000004,1.0,4.04999999999999,1.0
2.700000000000002,2.0,6.130000000000004,5.0,4.03999999999999,5.0
2.720000000000002,2.0,6.1200000000000045,5.0,3.9899999999999904,5.0
2.740000000000002,2.0,6.070000000000005,1.0,3.9799999999999907,1.0
2.760000000000002,2.0,6.060000000000005,1.0,3.929999999999991,1.0
2.780000000000002,2.0,6.010000000000005,5.0,3.919999999999991,5.0
2.800000000000002,2.0,6.000000000000005,5.0,3.8699999999999912,5.0
2.820000000000002,2.0,5.9500000000000055,1.0,3.8599999999999914,1.0
2.840000000000002,2.0,5.940000000000006,1.0,3.8099999999999916,1.0
2.860000000000002,2.0,5.890000000000006,5.0,3.799999999999992,5.0
2.8100000000000023,2.0,5.880000000000006,5.0,3.819999999999992,5.0
2.8000000000000025,2.0,5.900000000000006,1.0,3.769999999999992,1.0
2.7900000000000027,2.0,5.850000000000006,1.0,3.789999999999992,1.0
2.740000000000003,-5.0,5.870000000000005,5.0,3.7799999999999923,5.0
2.690000000000003,-5.0,5.860000000000006,5.0,3.7999999999999923,5.0
2.6400000000000032,-1.0,5.880000000000005,1.0,3.7899999999999925,1.0
2.5900000000000034,-1.0,5.870000000000005,1.0,3.8099999999999925,1.0
2.5400000000000036,-1.0,5.890000000000005,5.0,3.7999999999999927,5.0
2.4900000000000038,-5.0,5.880000000000005,5.0,3.8199999999999927,5.0
2.440000000000004,-5.0,5.900000000000005,1.0,3.809999999999993,1.0
2.390000000000004,-5.0,5.890000000000005,1.0,3.829999999999993,1.0
2.3400000000000043,-5.0,5.910000000000005,5.0,3.819999999999993,5.0
2.2900000000000045,-5.0,5.900000000000005,5.0,3.839999999999993,5.0
2.2400000000000047,-5.0,5.920000000000004,1.0,3.8299999999999934,1.0
2.190000000000005,-5.0,5.910000000000005,1.0,3.8499999999999934,1.0
2.140000000000005,-5.0,5.930000000000004,5.0,3.8399999999999936,5.0
2.090000000000005,-5.0,5.920000000000004,5.0,3.8599999999999937,5.0
2.0400000000000054,-5.0,5.940000000000004,1.0,3.849999999999994,1.0
1.9900000000000053,-5.0,5.930000000000004,1.0,3.869999999999994,1.0
1.9400000000000053,-5.0,5.950000000000004,5.0,3.859999999999994,5.0
1.8900000000000052,-5.0,5.940000000000004,5.0,3.879999999999994,5.0
1.8400000000000052,-5.0,5.9600000000000035,1.0,3.8699999999999943,1.0
1.7900000000000051,-5.0,5.950000000000004,1.0,3.8899999999999944,1.0
1.740000000000005,-5.0,5.970000000000003,5.0,3.8799999999999946,5.0
1.690000000000005,-5.0,5.9600000000000035,5.0,3.8999999999999946,5.0
1.640000000000005,-5.0,5.980000000000003,1.0,3.889999999999995,1.0
1.590000000000005,-5.0,5.970000000000003,1.0,3.909999999999995,1.0
1.540000000000005,-5.0,5.990000000000003,5.0,3.899999999999995,5.0
1.4900000000000049,-5.0,5.980000000000003,5.0,3.919999999999995,5.0
1.4400000000000048,-5.0,6.000000000000003,1.0,3.9099999999999953,1.0
1.3900000000000048,-5.0,5.990000000000003,1.0,3.9299999999999953,1.0
1.3400000000000047,-5.0,6.0100000000000025,5.0,3.9199999999999955,5.0
1.2900000000000047,-5.0,6.000000000000003,5.0,3.9399999999999955,5.0
1.2400000000000047,-5.0,6.020000000000002,1.0,3.9299999999999957,1.0
1.1900000000000046,-5.0,6.0100000000000025,1.0,3.9499999999999957,1.0
1.1400000000000046,-5.0,6.030000000000002,5.0,3.939999999999996,5.0
1.0900000000000045,-5.0,6.020000000000002,5.0,3.959999999999996,5.0
1.0400000000000045,-5.0,6.040000000000002,1.0,3.949999999999996,1.0
0.9900000000000044,-5.0,6.030000000000002,1.0,3.969999999999996,1.0
0.9400000000000044,-5.0,6.050000000000002,5.0,3.9599999999999964,5.0
0.8900000000000043,-5.0,6.040000000000002,5.0,3.9799999999999964,5.0
0.8400000000000043,-5.0,6.060000000000001,1.0,3.9699999999999966,1.0
0.7900000000000043,-5.0,6.050000000000002,1.0,3.9899999999999967,1.0
0.7400000000000042,-5.0,6.070000000000001,5.0,3.979999999999997,5.0
0.6900000000000042,-5.0,6.060000000000001,5.0,3.999999999999997,5.0
0.6400000000000041,-5.0,6.080000000000001,1.0,3.989999999999997,1.0
0.5900000000000041,-5.0,6.070000000000001,1.0,4.009999999999997,1.0
0.540000000000004,-5.0,6.090000000000001,5.0,3.9999999999999973,5.0
0.49000000000000404,-5.0,6.080000000000001,5.0,4.019999999999997,5.0
0.44000000000000405,-5.0,6.1000000000000005,0.0,4.009999999999997,1.0
0.39000000000000407,-5.0,6.090000000000001,-5.0,4.029999999999997,1.0
0.3400000000000041,-5.0,6.11,1.0,4.019999999999997,-5.0
0.2900000000000041,-5.0,6.1000000000000005,1.0,4.0399999999999965,-5.0
0.2400000000000041,-5.0,6.12,0.0,4.029999999999997,-1.0
0.1900000000000041,-5.0,6.11,-1.0,4.049999999999996,-1.0
0.14000000000000412,-5.0,6.13,-5.0,4.0399999999999965,-5.0
0.09000000000000412,-5.0,6.12,-5.0,4.059999999999996,-5.0
0.040000000000004116,-5.0,6.14,-1.0,4.049999999999996,-1.0
-0.009999999999995887,-5.0,6.13,-1.0,4.069999999999996,-1.0
0.0,-5.0,6.1499999999999995,-5.0,4.059999999999996,-5.0
0.05,-5.0,6.14,-5.0,4.079999999999996,-5.0
0.1,-5.0,6.159999999999999,-1.0,4.069999999999996,-1.0
0.15000000000000002,-5.0,6.1499999999999995,-1.0,4.089999999999995,-1.0
0.2,-5.0,6.169999999999999,-5.0,4.079999999999996,-5.0
0.25,-5.0,6.159999999999999,-5.0,4.099999999999995,-5.0
0.3,0.0,6.179999999999999,-1.0,4.089999999999995,-1.0
0.35,5.0,6.169999999999999,-1.0,4.109999999999995,-1.0
0.39999999999999997,5.0,6.189999999999999,-5.0,4.099999999999995,-5.0
0.44999999999999996,5.0,6.179999999999999,-5.0,4.119999999999995,-5.0
0.49999999999999994,5.0,6.199999999999998,-1.0,4.109999999999995,-1.0
0.5499999999999999,5.0,6.189999999999999,-1.0,4.129999999999995,-1.0
0.6,5.0,6.209999999999998,-5.0,4.119999999999995,-5.0
0.65,5.0,6.199999999999998,-5.0,4.139999999999994,-5.0
0.7000000000000001,5.0,6.219999999999998,-1.0,4.129999999999995,-1.0
0.7500000000000001,5.0,6.209999999999998,-1.0,4.149999999999994,-1.0
0.8000000000000002,5.0,6.229999999999998,-5.0,4.139999999999994,-5.0
0.8500000000000002,5.0,6.219999999999998,-5.0,4.159999999999994,-5.0
0.9000000000000002,5.0,6.2399999999999975,-1.0,4.149999999999994,-1.0
0.9500000000000003,5.0,6.229999999999998,-1.0,4.169999999999994,-1.0
1.0000000000000002,5.0,6.249999999999997,-5.0,4.159999999999994,-5.0
1.0500000000000003,5.0,6.2399999999999975,-5.0,4.1799999999999935,-5.0
1.1000000000000003,5.0,6.259999999999997,-1.0,4.169999999999994,-1.0
1.1500000000000004,5.0,6.249999999999997,-1.0,4.189999999999993,-1.0
1.2000000000000004,5.0,6.269999999999997,-5.0,4.1799999999999935,-5.0
1.2500000000000004,5.0,6.259999999999997,-5.0,4.199999999999993,-5.0
1.3000000000000005,5.0,6.279999999999997,-1.0,4.189999999999993,-1.0
1.3500000000000005,5.0,6.269999999999997,-1.0,4.209999999999993,-1.0
1.4000000000000006,5.0,6.2899999999999965,-5.0,4.199999999999993,-5.0
1.4500000000000006,5.0,6.279999999999997,-5.0,4.219999999999993,-5.0
1.5000000000000007,5.0,6.299999999999996,-1.0,4.209999999999993,-1.0
1.5500000000000007,5.0,6.2899999999999965,-1.0,4.229999999999992,-1.0
1.6000000000000008,5.0,6.309999999999996,-5.0,4.219999999999993,-5.0
1.6500000000000008,5.0,6.299999999999996,-5.0,4.239999999999992,-5.0
1.7000000000000008,5.0,6.319999999999996,-1.0,4.229999999999992,-1.0
1.7500000000000009,5.0,6.309999999999996,-1.0,4.249999999999992,-1.0
1.800000000000001,5.0,6.329999999999996,-5.0,4.239999999999992,-5.0
1.850000000000001,5.0,6.319999999999996,-5.0,4.259999999999992,-5.0
1.900000000000001,5.0,6.339999999999995,-1.0,4.249999999999992,-1.0
1.950000000000001,5.0,6.329999999999996,-1.0,4.269999999999992,-1.0
2.000000000000001,5.0,6.349999999999995,-5.0,4.259999999999992,-5.0
2.0500000000000007,5.0,6.339999999999995,-5.0,4.279999999999991,-5.0
2.1000000000000005,5.0,6.359999999999995,-1.0,4.269999999999992,-1.0
2.1500000000000004,5.0,6.349999999999995,-1.0,4.289999999999991,-1.0
2.2,5.0,6.369999999999995,-5.0,4.279999999999991,-5.0
2.25,5.0,6.359999999999995,-5.0,4.299999999999991,-5.0
2.3,5.0,6.379999999999995,-1.0,4.289999999999991,-1.0
2.3499999999999996,5.0,6.369999999999995,-1.0,4.309999999999991,-1.0
2.3999999999999995,5.0,6.389999999999994,-5.0,4.299999999999991,-5.0
2.4499999999999993,5.0,6.379999999999995,-5.0,4.3199999999999905,-5.0
2.499999999999999,5.0,6.399999999999994,-1.0,4.309999999999991,-1.0
2.549999999999999,5.0,6.389999999999994,-1.0,4.32999999999999,-1.0
2.5999999999999988,5.0,6.409999999999994,-5.0,4.3199999999999905,-5.0
2.6499999999999986,5.0,6.399999999999994,-5.0,4.33999999999999,-5.0
2.6999999999999984,5.0,6.419999999999994,-1.0,4.32999999999999,-1.0
2.7499999999999982,5.0,6.409999999999994,-1.0,4.34999999999999,-1.0
2.799999999999998,5.0,6.4299999999999935,-5.0,4.33999999999999,-5.0
2.849999999999998,5.0,6.419999999999994,-5.0,4.35999999999999,-5.0
2.8999999999999977,5.0,6.439999999999993,-1.0,4.34999999999999,-1.0
2.9499999999999975,5.0,6.4299999999999935,-1.0,4.3699999999999894,-1.0
2.9999999999999973,5.0,6.449999999999993,-5.0,4.35999999999999,-5.0
3.049999999999997,5.0,6.439999999999993,-5.0,4.379999999999989,-5.0
3.099999999999997,5.0,6.459999999999993,-1.0,4.3699999999999894,-1.0
3.149999999999997,5.0,6.449999999999993,-1.0,4.389999999999989,-1.0
3.1999999999999966,5.0,6.469999999999993,-5.0,4.379999999999989,-5.0
3.2499999999999964,5.0,6.459999999999993,-5.0,4.399999999999989,-5.0
3.2999999999999963,5.0,6.479999999999992,-1.0,4.389999999999989,-1.0
3.349999999999996,5.0,6.469999999999993,-1.0,4.409999999999989,-1.0
3.399999999999996,5.0,6.489999999999992,-5.0,4.459999999999988,-5.0
3.389999999999996,5.0,6.539999999999992,-5.0,4.479999999999988,-5.0
3.3799999999999963,5.0,6.559999999999992,-1.0,4.529999999999988,-1.0
3.3699999999999966,5.0,6.609999999999991,-1.0,4.549999999999987,-1.0
3.3599999999999968,5.0,6.629999999999991,-5.0,4.599999999999987,-5.0
3.349999999999997,5.0,6.679999999999991,-5.0,4.619999999999987,-5.0
3.339999999999997,5.0,6.69999999999999,-1.0,4.669999999999987,-1.0
3.3299999999999974,5.0,6.74999999999999,-1.0,4.689999999999986,-1.0
3.3199999999999976,-1.0,6.76999999999999,-5.0,4.739999999999986,-5.0
3.309999999999998,-1.0,6.81999999999999,-5.0,4.759999999999986,-5.0
3.299999999999998,-1.0,6.839999999999989,-1.0,4.809999999999985,-1.0
3.2899999999999983,-1.0,6.889999999999989,-1.0,4.829999999999985,-1.0
3.2799999999999985,-1.0,6.909999999999989,-5.0,4.879999999999985,-5.0
3.2699999999999987,-1.0,6.959999999999988,-5.0,4.899999999999984,-5.0
3.259999999999999,-1.0,6.979999999999988,-1.0,4.949999999999984,-1.0
3.249999999999999,-1.0,7.029999999999988,-1.0,4.969999999999984,-1.0
3.2399999999999993,-1.0,7.049999999999987,-5.0,5.019999999999984,-5.0
3.2299999999999995,-1.0,7.099999999999987,-5.0,5.039999999999983,-5.0
3.2199999999999998,-1.0,7.119999999999987,-1.0,5.089999999999983,-1.0
3.21,-1.0,7.169999999999987,-1.0,5.109999999999983,-1.0
3.2,-1.0,7.189999999999986,-5.0,5.159999999999982,-5.0
3.1900000000000004,-1.0,7.239999999999986,-5.0,5.179999999999982,-5.0
3.1800000000000006,-1.0,7.259999999999986,-1.0,5.229999999999982,-1.0
3.170000000000001,-1.0,7.309999999999985,-1.0,5.249999999999981,-1.0
3.160000000000001,-1.0,7.329999999999985,-5.0,5.299999999999981,-5.0
3.1500000000000012,-1.0,7.379999999999985,-5.0,5.319999999999981,-5.0
3.1400000000000015,-1.0,7.399999999999984,-1.0,5.369999999999981,-1.0
3.1300000000000017,-1.0,7.449999999999984,-1.0,5.38999999999998,-1.0
3.120000000000002,-1.0,7.469999999999984,-5.0,5.43999999999998,-5.0
3.110000000000002,-1.0,7.519999999999984,-5.0,5.4599999999999795,-5.0
3.1000000000000023,-1.0,7.539999999999983,-1.0,5.509999999999979,-1.0
3.0900000000000025,-1.0,7.589999999999983,-1.0,5.529999999999979,-1.0
3.0800000000000027,-1.0,7.609999999999983,-5.0,5.579999999999979,-5.0
3.070000000000003,-1.0,7.659999999999982,-5.0,5.599999999999978,-5.0
3.060000000000003,-1.0,7.679999999999982,-1.0,5.649999999999978,-1.0
3.0500000000000034,-1.0,7.729999999999982,-1.0,5.669999999999978,-1.0
3.0400000000000036,-1.0,7.749999999999981,-5.0,5.7199999999999775,-5.0
3.030000000000004,-1.0,7.799999999999981,-5.0,5.739999999999977,-5.0
3.020000000000004,-1.0,7.819999999999981,-1.0,5.789999999999977,-1.0
3.0100000000000042,-1.0,7.869999999999981,-1.0,5.8099999999999765,-1.0
3.0000000000000044,-1.0,7.88999999999998,-5.0,5.859999999999976,-5.0
2.9900000000000047,-1.0,7.93999999999998,-5.0,5.879999999999976,-5.0
2.980000000000005,-1.0,7.9599999999999795,-1.0,5.929999999999976,-1.0
2.970000000000005,-1.0,8.00999999999998,-1.0,5.949999999999975,-1.0
2.9600000000000053,-1.0,8.02999999999998,-5.0,5.999999999999975,-5.0
2.9500000000000055,-1.0,8.07999999999998,-5.0,6.019999999999975,-5.0
2.9400000000000057,-1.0,8.09999999999998,-1.0,6.0699999999999745,-1.0
2.930000000000006,-1.0,8.14999999999998,-1.0,6.089999999999974,-1.0
2.920000000000006,-1.0,8.16999999999998,-5.0,6.139999999999974,-5.0
2.9100000000000064,-1.0,8.219999999999981,-5.0,6.1599999999999735,-5.0
2.9000000000000066,-1.0,8.23999999999998,-1.0,6.209999999999973,-1.0
2.890000000000007,-1.0,8.289999999999981,-1.0,6.229999999999973,-1.0
2.880000000000007,-1.0,8.309999999999981,-5.0,6.279999999999973,-5.0
2.870000000000007,-1.0,8.359999999999982,-5.0,6.299999999999972,-5.0
2.8600000000000074,-1.0,8.379999999999981,-1.0,6.349999999999972,-1.0
2.8500000000000076,-1.0,8.429999999999982,-1.0,6.369999999999972,-1.0
2.840000000000008,-1.0,8.449999999999982,-5.0,6.4199999999999715,-5.0
2.830000000000008,-1.0,8.499999999999982,-5.0,6.439999999999971,-5.0
2.8200000000000083,-1.0,8.519999999999982,-1.0,6.489999999999971,-1.0
2.8100000000000085,-1.0,8.569999999999983,-1.0,6.5099999999999705,-1.0
2.8000000000000087,-1.0,8.589999999999982,-5.0,6.55999999999997,-5.0
2.790000000000009,-1.0,8.639999999999983,-5.0,6.57999999999997,-5.0
2.780000000000009,-1.0,8.659999999999982,-1.0,6.62999999999997,-1.0
2.7700000000000093,-1.0,8.709999999999983,-1.0,6.649999999999969,-1.0
2.7600000000000096,-1.0,8.729999999999983,-5.0,6.699999999999969,-5.0
2.7500000000000098,-1.0,8.779999999999983,-5.0,6.719999999999969,-5.0
2.74000000000001,-1.0,8.799999999999983,-1.0,6.7699999999999685,-1.0
2.73000000000001,-1.0,8.849999999999984,-1.0,6.789999999999968,-1.0
2.7200000000000104,-1.0,8.869999999999983,-5.0,6.839999999999968,-5.0
2.7100000000000106,-1.0,8.919999999999984,-5.0,6.8599999999999675,-5.0
2.700000000000011,-1.0,8.939999999999984,-1.0,6.909999999999967,-1.0
2.690000000000011,-1.0,8.989999999999984,-1.0,6.889999999999968,-1.0
2.6800000000000113,-1.0,9.009999999999984,-5.0,6.839999999999968,-5.0
2.6700000000000115,-1.0,9.0,-5.0,6.819999999999968,-5.0
2.6600000000000117,-1.0,9.05,-1.0,6.7699999999999685,-1.0
2.650000000000012,-1.0,9.0,-1.0,6.749999999999969,-1.0
2.640000000000012,-1.0,8.98,-5.0,6.699999999999969,-5.0
2.6300000000000123,-1.0,8.93,-5.0,6.6799999999999695,-5.0
2.6200000000000125,-1.0,8.91,-1.0,6.62999999999997,-1.0
2.6100000000000128,-1.0,8.86,-1.0,6.60999999999997,-1.0
2.600000000000013,-1.0,8.84,-5.0,6.55999999999997,-5.0
2.590000000000013,-1.0,8.79,-5.0,6.539999999999971,-5.0
2.5800000000000134,-1.0,8.77,-1.0,6.489999999999971,-1.0
2.5700000000000136,-1.0,8.719999999999999,-1.0,6.469999999999971,-1.0
2.560000000000014,-1.0,8.7,-5.0,6.4199999999999715,-5.0
2.550000000000014,-1.0,8.649999999999999,-5.0,6.399999999999972,-5.0
2.5400000000000142,-1.0,8.629999999999999,-1.0,6.349999999999972,-1.0
2.5300000000000145,-1.0,8.579999999999998,-1.0,6.3299999999999725,-1.0
2.5200000000000147,-1.0,8.559999999999999,-5.0,6.279999999999973,-5.0
2.510000000000015,-1.0,8.509999999999998,-5.0,6.259999999999973,-5.0
2.500000000000015,-1.0,8.489999999999998,-1.0,6.209999999999973,-1.0
2.4900000000000153,-1.0,8.439999999999998,-1.0,6.189999999999974,-1.0
2.4800000000000155,-1.0,8.419999999999998,-5.0,6.139999999999974,-5.0
2.4700000000000157,-1.0,8.369999999999997,-5.0,6.119999999999974,-5.0
2.460000000000016,-1.0,8.349999999999998,-1.0,6.0699999999999745,-1.0
2.450000000000016,-1.0,8.299999999999997,-1.0,6.049999999999975,-1.0
2.4400000000000164,-1.0,8.279999999999998,-5.0,5.999999999999975,-5.0
2.4300000000000166,-1.0,8.229999999999997,-5.0,5.979999999999976,-5.0
2.420000000000017,-1.0,8.209999999999997,-1.0,5.929999999999976,-1.0
2.410000000000017,-1.0,8.159999999999997,-1.0,5.909999999999976,-1.0
2.4000000000000172,-1.0,8.139999999999997,-5.0,5.859999999999976,-5.0
2.3900000000000174,-1.0,8.089999999999996,-5.0,5.839999999999977,-5.0
2.3800000000000177,-1.0,8.069999999999997,-1.0,5.789999999999977,-1.0
2.370000000000018,-1.0,8.019999999999996,-1.0,5.769999999999977,-1.0
2.360000000000018,-1.0,7.9999999999999964,-5.0,5.7199999999999775,-5.0
2.3500000000000183,-1.0,7.949999999999997,-5.0,5.699999999999978,-5.0
2.3400000000000185,-1.0,7.929999999999997,-1.0,5.649999999999978,-1.0
2.3300000000000187,-1.0,7.879999999999997,-1.0,5.629999999999979,-1.0
2.320000000000019,-1.0,7.859999999999998,-5.0,5.579999999999979,-5.0
2.310000000000019,-1.0,7.809999999999998,-5.0,5.559999999999979,-5.0
2.3000000000000194,-1.0,7.789999999999998,-1.0,5.509999999999979,-1.0
2.2900000000000196,-1.0,7.739999999999998,-1.0,5.48999999999998,-1.0
2.28000000000002,-1.0,7.719999999999999,-5.0,5.43999999999998,-5.0
2.27000000000002,-1.0,7.669999999999999,-5.0,5.41999999999998,-5.0
2.26000000000002,-1.0,7.6499999999999995,-1.0,5.369999999999981,-1.0
2.2500000000000204,-1.0,7.6,-1.0,5.349999999999981,-1.0
2.2400000000000206,-1.0,7.58,-5.0,5.299999999999981,-5.0
2.230000000000021,-1.0,7.53,-5.0,5.279999999999982,-5.0
2.220000000000021,-1.0,7.510000000000001,-1.0,5.229999999999982,-1.0
2.2100000000000213,-1.0,7.460000000000001,-1.0,5.209999999999982,-1.0
2.2000000000000215,-1.0,7.440000000000001,-5.0,5.159999999999982,-5.0
2.1900000000000217,-1.0,7.3900000000000015,-5.0,5.139999999999983,-5.0
2.180000000000022,-1.0,7.370000000000002,-1.0,5.089999999999983,-1.0
2.170000000000022,-1.0,7.320000000000002,-1.0,5.069999999999983,-1.0
2.1600000000000223,-1.0,7.3000000000000025,-5.0,5.019999999999984,-5.0
2.1500000000000226,-1.0,7.250000000000003,-5.0,4.999999999999984,-5.0
2.1400000000000228,-1.0,7.230000000000003,-1.0,4.949999999999984,-1.0
2.130000000000023,-1.0,7.180000000000003,-1.0,4.929999999999985,-1.0
2.120000000000023,-1.0,7.160000000000004,-5.0,4.879999999999985,-5.0
2.1100000000000234,-1.0,7.110000000000004,-5.0,4.859999999999985,-5.0
2.1000000000000236,-1.0,7.090000000000004,-1.0,4.809999999999985,-1.0
2.090000000000024,-1.0,7.0400000000000045,-1.0,4.789999999999986,-1.0
2.080000000000024,-1.0,7.020000000000005,-5.0,4.739999999999986,-5.0
2.0700000000000243,-1.0,6.970000000000005,-5.0,4.719999999999986,-5.0
2.0600000000000245,-1.0,6.9500000000000055,-1.0,4.669999999999987,2.0
2.0500000000000247,-1.0,6.900000000000006,-1.0,4.649999999999987,-1.0
2.040000000000025,-1.0,6.880000000000006,2.0,4.599999999999987,-1.0
2.030000000000025,-1.0,6.830000000000006,2.0,4.579999999999988,-5.0
2.0200000000000253,-1.0,6.810000000000007,-5.0,4.529999999999988,2.0
2.0100000000000255,-1.0,6.760000000000007,-5.0,4.509999999999988,2.0
2.0000000000000258,-1.0,6.740000000000007,2.0,4.459999999999988,-5.0
1.9900000000000257,-1.0,6.6900000000000075,2.0,4.439999999999989,-5.0
1.9800000000000257,-1.0,6.670000000000008,-1.0,4.389999999999989,-1.0
1.9700000000000257,-1.0,6.620000000000008,-1.0,4.3699999999999894,2.0
1.9600000000000257,-1.0,6.6000000000000085,2.0,4.31999999999999,2.0
1.9500000000000257,-1.0,6.550000000000009,2.0,4.29999999999999,-1.0
1.9400000000000257,-1.0,6.530000000000009,-1.0,4.24999999999999,-1.0
1.9300000000000257,-1.0,6.480000000000009,-1.0,4.229999999999991,2.0
1.9200000000000257,-1.0,6.46000000000001,2.0,4.179999999999991,2.0
1.9100000000000257,-1.0,6.41000000000001,2.0,4.159999999999991,-1.0
1.9000000000000257,-1.0,6.39000000000001,-1.0,4.109999999999991,-1.0
1.8900000000000257,-1.0,6.3400000000000105,-1.0,4.089999999999992,2.0
1.8800000000000257,-1.0,6.320000000000011,2.0,4.039999999999992,2.0
1.8700000000000256,-1.0,6.270000000000011,2.0,4.0199999999999925,-1.0
1.8600000000000256,-1.0,6.2500000000000115,-1.0,3.9699999999999926,-1.0
1.8500000000000256,-1.0,6.200000000000012,-1.0,3.9499999999999926,2.0
1.8400000000000256,-1.0,6.180000000000012,2.0,3.899999999999993,2.0
1.8300000000000256,-1.0,6.130000000000012,2.0,3.879999999999993,-1.0
1.8200000000000256,-1.0,6.110000000000013,-1.0,3.829999999999993,-1.0
1.8100000000000256,-1.0,6.060000000000013,-1.0,3.809999999999993,2.0
1.8000000000000256,-1.0,6.040000000000013,2.0,3.759999999999993,2.0
1.7900000000000256,-1.0,5.9900000000000135,2.0,3.739999999999993,-1.0
1.7800000000000256,-1.0,5.970000000000014,-1.0,3.6899999999999933,-1.0
1.7700000000000256,-1.0,5.920000000000014,-1.0,3.6699999999999933,2.0
1.7600000000000255,-1.0,5.900000000000015,2.0,3.6199999999999934,2.0
1.7500000000000255,-1.0,5.850000000000015,2.0,3.5999999999999934,-1.0
1.7400000000000255,-1.0,5.830000000000015,-1.0,3.5499999999999936,-1.0
1.7300000000000255,-1.0,5.780000000000015,-1.0,3.5299999999999936,2.0
1.7200000000000255,-1.0,5.760000000000016,2.0,3.4799999999999938,2.0
1.7100000000000255,-1.0,5.710000000000016,2.0,3.4599999999999937,-1.0
1.7000000000000255,-1.0,5.690000000000016,-1.0,3.409999999999994,-1.0
1.6900000000000255,-1.0,5.6400000000000166,-1.0,3.389999999999994,2.0
1.6800000000000255,-1.0,5.620000000000017,2.0,3.339999999999994,2.0
1.6700000000000255,-1.0,5.570000000000017,2.0,3.319999999999994,-1.0
1.6600000000000255,-1.0,5.550000000000018,-1.0,3.2699999999999942,-1.0
1.6500000000000254,-1.0,5.500000000000018,-1.0,3.2499999999999942,2.0
1.6400000000000254,-1.0,5.480000000000018,2.0,3.1999999999999944,2.0
1.6300000000000254,-1.0,5.430000000000018,2.0,3.1799999999999944,-1.0
1.6200000000000254,-1.0,5.410000000000019,-1.0,3.1299999999999946,-1.0
1.6100000000000254,-1.0,5.360000000000019,-1.0,3.1099999999999945,2.0
1.6000000000000254,-1.0,5.340000000000019,2.0,3.0599999999999947,2.0
1.5900000000000254,-1.0,5.29000000000002,2.0,3.0399999999999947,-1.0
1.5800000000000254,-1.0,5.27000000000002,-1.0,2.989999999999995,-1.0
1.5700000000000254,-1.0,5.22000000000002,-1.0,2.969999999999995,2.0
1.5600000000000254,-1.0,5.200000000000021,2.0,2.919999999999995,2.0
1.5500000000000254,-1.0,5.150000000000021,2.0,2.899999999999995,-1.0
1.5400000000000253,-1.0,5.130000000000021,-1.0,2.849999999999995,-1.0
1.5300000000000253,-1.0,5.080000000000021,-1.0,2.829999999999995,2.0
1.5200000000000253,-1.0,5.060000000000022,2.0,2.7799999999999954,2.0
1.5100000000000253,-1.0,5.010000000000022,2.0,2.7599999999999953,-1.0
1.5000000000000253,-1.0,4.990000000000022,-1.0,2.7099999999999955,-1.0
1.4900000000000253,-1.0,4.940000000000023,-1.0,2.6899999999999955,2.0
1.4800000000000253,-1.0,4.920000000000023,2.0,2.6399999999999957,2.0
1.4700000000000253,-1.0,4.870000000000023,2.0,2.6199999999999957,-1.0
1.4600000000000253,-1.0,4.850000000000024,-1.0,2.569999999999996,-1.0
1.4500000000000253,-1.0,4.800000000000024,-1.0,2.549999999999996,2.0
1.4400000000000253,-1.0,4.780000000000024,2.0,2.499999999999996,2.0
1.4300000000000253,-1.0,4.730000000000024,2.0,2.479999999999996,-1.0
1.4200000000000252,-1.0,4.710000000000025,-1.0,2.429999999999996,-1.0
1.4100000000000252,-1.0,4.660000000000025,-1.0,2.409999999999996,2.0
1.4000000000000252,-1.0,4.640000000000025,2.0,2.3599999999999963,2.0
1.3900000000000252,-1.0,4.590000000000026,2.0,2.3399999999999963,-1.0
1.3800000000000252,-1.0,4.570000000000026,-1.0,2.3299999999999965,-1.0
1.3300000000000252,-1.0,4.520000000000026,-1.0,2.3099999999999965,2.0
1.2800000000000251,-1.0,4.500000000000027,2.0,2.2999999999999967,2.0
1.230000000000025,-1.0,4.490000000000027,2.0,2.2799999999999967,-1.0
1.180000000000025,-1.0,4.470000000000027,-1.0,2.269999999999997,-1.0
1.130000000000025,-1.0,4.4600000000000275,-1.0,2.249999999999997,2.0
1.080000000000025,-1.0,4.440000000000028,2.0,2.239999999999997,2.0
1.030000000000025,-1.0,4.430000000000028,2.0,2.219999999999997,-1.0
0.9800000000000249,-1.0,4.410000000000029,-1.0,2.2099999999999973,-1.0
0.9300000000000248,-5.0,4.400000000000029,-1.0,2.1899999999999973,2.0
0.8800000000000248,-5.0,4.380000000000029,2.0,2.1799999999999975,2.0
0.8300000000000247,-5.0,4.370000000000029,2.0,2.1599999999999975,-1.0
0.7800000000000247,-5.0,4.35000000000003,-1.0,2.1499999999999977,-1.0
0.7300000000000246,-5.0,4.34000000000003,-1.0,2.1299999999999977,2.0
0.6800000000000246,-5.0,4.3200000000000305,2.0,2.119999999999998,2.0
0.6300000000000245,-5.0,4.310000000000031,2.0,2.099999999999998,-1.0
0.5800000000000245,-5.0,4.290000000000031,-1.0,2.089999999999998,-1.0
0.5300000000000245,-5.0,4.280000000000031,-1.0,2.069999999999998,2.0
0.48000000000002446,-5.0,4.260000000000032,2.0,2.0599999999999983,2.0
0.4300000000000245,-5.0,4.250000000000032,2.0,2.0399999999999983,-1.0
0.3800000000000245,-5.0,4.230000000000032,-1.0,2.0299999999999985,-1.0
0.3300000000000245,-5.0,4.220000000000033,-1.0,2.0099999999999985,2.0
0.2800000000000245,-5.0,4.200000000000033,2.0,1.9999999999999984,2.0
0.23000000000002452,-5.0,4.190000000000033,2.0,1.9799999999999984,-1.0
0.18000000000002453,-5.0,4.170000000000034,-1.0,1.9699999999999984,-1.0
0.13000000000002454,-5.0,4.160000000000034,-1.0,1.9499999999999984,2.0
0.08000000000002454,-5.0,4.140000000000034,2.0,1.9399999999999984,2.0
0.030000000000024535,-5.0,4.1300000000000345,2.0,1.9199999999999984,-1.0
-0.019999999999975468,-5.0,4.110000000000035,-1.0,1.9099999999999984,-1.0
0.0,-5.0,4.100000000000035,-1.0,1.8899999999999983,2.0
0.05,-5.0,4.080000000000036,2.0,1.8799999999999983,2.0
0.1,-5.0,4.070000000000036,2.0,1.8599999999999983,-1.0
0.15000000000000002,-5.0,4.050000000000036,-1.0,1.8499999999999983,-1.0
0.2,-5.0,4.0400000000000365,-1.0,1.8299999999999983,2.0
0.25,-5.0,4.020000000000037,2.0,1.8199999999999983,2.0
0.3,-5.0,4.010000000000037,2.0,1.7999999999999983,-1.0
0.35,-5.0,3.990000000000037,-1.0,1.7899999999999983,-1.0
0.39999999999999997,-5.0,3.9800000000000373,-1.0,1.7699999999999982,2.0
0.44999999999999996,0.0,3.9600000000000373,2.0,1.7599999999999982,2.0
0.49999999999999994,5.0,3.9500000000000375,2.0,1.7399999999999982,-1.0
0.5499999999999999,5.0,3.9300000000000375,-1.0,1.7299999999999982,-1.0
0.6,5.0,3.9200000000000377,-1.0,1.7099999999999982,2.0
0.65,5.0,3.9000000000000377,2.0,1.6999999999999982,2.0
0.7000000000000001,5.0,3.890000000000038,2.0,1.7499999999999982,-1.0
0.7500000000000001,5.0,3.870000000000038,-1.0,1.7299999999999982,-1.0
0.7300000000000001,5.0,3.860000000000038,-1.0,1.7799999999999983,2.0
0.7200000000000001,5.0,3.910000000000038,2.0,1.7599999999999982,2.0
0.7100000000000001,5.0,3.890000000000038,2.0,1.8099999999999983,-1.0
0.7000000000000001,5.0,3.9400000000000377,-1.0,1.7899999999999983,-1.0
0.6900000000000001,5.0,3.9200000000000377,-1.0,1.8399999999999983,2.0
0.68,5.0,3.9700000000000375,2.0,1.8199999999999983,2.0
0.67,5.0,3.9500000000000375,2.0,1.8699999999999983,-1.0
0.66,5.0,4.000000000000037,-1.0,1.8499999999999983,-1.0
0.65,5.0,3.9800000000000373,-1.0,1.8999999999999984,2.0
0.64,5.0,4.0300000000000376,2.0,1.8799999999999983,2.0
0.63,-2.0,4.010000000000038,2.0,1.9299999999999984,-1.0
0.62,-2.0,4.060000000000038,-1.0,1.9099999999999984,-1.0
0.61,-1.0,4.040000000000038,-1.0,1.9599999999999984,2.0
0.6,-1.0,4.090000000000038,2.0,1.9399999999999984,2.0
0.59,-1.0,4.0700000000000385,2.0,1.9899999999999984,-1.0
0.58,-1.0,4.120000000000038,-1.0,1.9699999999999984,-1.0
0.57,-1.0,4.100000000000039,-1.0,2.0199999999999982,2.0
0.5599999999999999,-1.0,4.1500000000000385,2.0,1.9999999999999982,2.0
0.5499999999999999,-1.0,4.130000000000039,2.0,2.049999999999998,-1.0
0.5399999999999999,-1.0,4.180000000000039,-1.0,2.029999999999998,-1.0
0.5299999999999999,-1.0,4.160000000000039,-1.0,2.079999999999998,2.0
0.5199999999999999,-1.0,4.210000000000039,2.0,2.059999999999998,2.0
0.5099999999999999,-1.0,4.1900000000000395,2.0,2.1099999999999977,-1.0
0.4999999999999999,-1.0,4.240000000000039,-1.0,2.0899999999999976,-1.0
0.4899999999999999,-1.0,4.22000000000004,-1.0,2.1399999999999975,2.0
0.47999999999999987,-1.0,4.2700000000000395,2.0,2.1199999999999974,2.0
0.46999999999999986,-1.0,4.25000000000004,2.0,2.1699999999999973,-1.0
0.45999999999999985,-1.0,4.30000000000004,-1.0,2.1499999999999972,-1.0
0.44999999999999984,-1.0,4.28000000000004,-1.0,2.199999999999997,2.0
0.43999999999999984,-1.0,4.33000000000004,2.0,2.179999999999997,2.0
0.4299999999999998,-1.0,4.3100000000000405,2.0,2.229999999999997,-1.0
0.4199999999999998,-1.0,4.36000000000004,-1.0,2.209999999999997,-1.0
0.4099999999999998,-1.0,4.340000000000041,-1.0,2.2599999999999967,2.0
0.3999999999999998,-1.0,4.3900000000000405,2.0,2.2399999999999967,2.0
0.3899999999999998,-1.0,4.370000000000041,2.0,2.2899999999999965,-1.0
0.3799999999999998,-1.0,4.420000000000041,-1.0,2.2699999999999965,-1.0
0.3699999999999998,-1.0,4.400000000000041,-1.0,2.3199999999999963,2.0
0.35999999999999976,-1.0,4.450000000000041,2.0,2.2999999999999963,2.0
0.34999999999999976,-1.0,4.4300000000000415,2.0,2.349999999999996,-1.0
0.33999999999999975,-1.0,4.480000000000041,-1.0,2.329999999999996,-1.0
0.32999999999999974,-1.0,4.460000000000042,-1.0,2.379999999999996,2.0
0.31999999999999973,-1.0,4.5100000000000415,2.0,2.359999999999996,2.0
0.3099999999999997,-1.0,4.490000000000042,2.0,2.4099999999999957,-1.0
0.2999999999999997,-1.0,4.540000000000042,-1.0,2.3899999999999957,-1.0
0.2899999999999997,-1.0,4.520000000000042,-1.0,2.4399999999999955,2.0
0.2799999999999997,-1.0,4.570000000000042,2.0,2.4199999999999955,2.0
0.2699999999999997,-1.0,4.5500000000000425,2.0,2.4699999999999953,-1.0
0.2599999999999997,-1.0,4.600000000000042,-1.0,2.4499999999999953,-1.0
0.24999999999999967,-1.0,4.580000000000043,-1.0,2.499999999999995,2.0
0.23999999999999966,-1.0,4.6300000000000425,2.0,2.479999999999995,2.0
0.22999999999999965,-1.0,4.610000000000043,2.0,2.529999999999995,-1.0
0.21999999999999964,-1.0,4.660000000000043,-1.0,2.509999999999995,-1.0
0.20999999999999963,-1.0,4.640000000000043,-1.0,2.5599999999999947,2.0
0.19999999999999962,-1.0,4.690000000000043,2.0,2.5399999999999947,2.0
0.1899999999999996,-1.0,4.6700000000000434,2.0,2.5899999999999945,-1.0
0.1799999999999996,-1.0,4.720000000000043,-1.0,2.5699999999999945,-1.0
0.1699999999999996,-1.0,4.700000000000044,-1.0,2.6199999999999943,2.0
0.1599999999999996,-1.0,4.7500000000000435,2.0,2.5999999999999943,2.0
0.14999999999999958,-1.0,4.730000000000044,2.0,2.649999999999994,-1.0
0.13999999999999957,-1.0,4.780000000000044,-1.0,2.629999999999994,-1.0
0.12999999999999956,-1.0,4.760000000000044,-1.0,2.679999999999994,2.0
0.11999999999999957,-1.0,4.810000000000044,2.0,2.659999999999994,2.0
0.10999999999999957,-1.0,4.7900000000000444,2.0,2.7099999999999937,-1.0
0.09999999999999958,-1.0,4.840000000000044,-1.0,2.6899999999999937,-1.0
0.08999999999999958,-1.0,4.820000000000045,-1.0,2.7399999999999936,2.0
0.07999999999999959,-1.0,4.8700000000000445,2.0,2.7199999999999935,2.0
0.06999999999999959,-1.0,4.850000000000045,2.0,2.7699999999999934,-1.0
0.05999999999999959,-1.0,4.900000000000045,-1.0,2.7499999999999933,-1.0
0.049999999999999586,-1.0,4.880000000000045,-1.0,2.799999999999993,2.0
0.039999999999999584,-1.0,4.930000000000045,2.0,2.779999999999993,2.0
0.029999999999999583,-1.0,4.910000000000045,2.0,2.829999999999993,-1.0
0.01999999999999958,-1.0,4.960000000000045,-1.0,2.809999999999993,-1.0
0.00999999999999958,-1.0,4.940000000000046,-1.0,2.8599999999999928,2.0
-4.198030811863873e-16,-1.0,4.9900000000000455,2.0,2.8399999999999928,2.0
0.0,-1.0,4.970000000000046,2.0,2.8899999999999926,-1.0
0.01,-1.0,5.020000000000046,-1.0,2.8699999999999926,-1.0
0.02,-1.0,5.000000000000046,-1.0,2.9199999999999924,2.0
0.03,-1.0,5.050000000000046,2.0,2.8999999999999924,2.0
0.04,-1.0,5.030000000000046,2.0,2.949999999999992,-1.0
0.05,-1.0,5.080000000000046,-1.0,2.929999999999992,-1.0
0.060000000000000005,-1.0,5.060000000000047,-1.0,2.979999999999992,2.0
0.07,-1.0,5.1100000000000465,2.0,2.959999999999992,2.0
0.08,-1.0,5.090000000000047,2.0,3.009999999999992,-1.0
0.09,-1.0,5.140000000000047,-1.0,2.9899999999999918,-1.0
0.09999999999999999,-1.0,5.120000000000047,-1.0,3.0399999999999916,2.0
0.10999999999999999,-1.0,5.170000000000047,2.0,3.0199999999999916,2.0
0.11999999999999998,0.0,5.150000000000047,2.0,3.0699999999999914,-1.0
0.12999999999999998,1.0,5.200000000000047,-1.0,3.0499999999999914,-1.0
0.13999999999999999,1.0,5.180000000000048,-1.0,3.099999999999991,2.0
0.15,1.0,5.2300000000000475,2.0,3.079999999999991,2.0
0.16,1.0,5.210000000000048,2.0,3.129999999999991,-1.0
0.17,1.0,5.260000000000048,-1.0,3.109999999999991,-1.0
0.18000000000000002,1.0,5.240000000000048,-1.0,3.159999999999991,2.0
0.19000000000000003,1.0,5.290000000000048,2.0,3.139999999999991,2.0
0.20000000000000004,1.0,5.270000000000048,2.0,3.1899999999999906,-1.0
0.21000000000000005,1.0,5.320000000000048,-1.0,3.1699999999999906,-1.0
0.22000000000000006,1.0,5.300000000000049,-1.0,3.2199999999999904,2.0
0.23000000000000007,1.0,5.3500000000000485,2.0,3.1999999999999904,2.0
0.24000000000000007,1.0,5.330000000000049,2.0,3.2499999999999902,-1.0
0.25000000000000006,1.0,5.380000000000049,-1.0,3.22999999999999,-1.0
0.26000000000000006,1.0,5.360000000000049,-1.0,3.27999999999999,2.0
0.2700000000000001,1.0,5.410000000000049,2.0,3.25999999999999,2.0
0.2800000000000001,1.0,5.390000000000049,2.0,3.30999999999999,-1.0
0.2900000000000001,1.0,5.440000000000049,-1.0,3.28999999999999,-1.0
0.3000000000000001,1.0,5.42000000000005,-1.0,3.3399999999999896,2.0
0.3100000000000001,1.0,5.4700000000000495,2.0,3.3199999999999896,2.0
0.3200000000000001,1.0,5.45000000000005,2.0,3.3699999999999894,-1.0
0.3300000000000001,1.0,5.50000000000005,-1.0,3.3499999999999894,-1.0
0.34000000000000014,1.0,5.48000000000005,-1.0,3.3999999999999893,2.0
0.35000000000000014,1.0,5.53000000000005,2.0,3.3799999999999892,2.0
0.36000000000000015,1.0,5.51000000000005,2.0,3.429999999999989,-1.0
0.37000000000000016,1.0,5.56000000000005,-1.0,3.409999999999989,-1.0
0.38000000000000017,1.0,5.540000000000051,-1.0,3.459999999999989,2.0
0.3900000000000002,1.0,5.5900000000000505,2.0,3.439999999999989,2.0
0.4000000000000002,1.0,5.570000000000051,2.0,3.4899999999999887,-1.0
0.4100000000000002,1.0,5.620000000000051,-1.0,3.4699999999999886,-1.0
0.4200000000000002,1.0,5.600000000000051,-1.0,3.5199999999999885,2.0
0.4300000000000002,1.0,5.650000000000051,2.0,3.4999999999999885,2.0
0.4400000000000002,1.0,5.630000000000051,2.0,3.5499999999999883,-1.0
0.45000000000000023,1.0,5.680000000000051,-1.0,3.5299999999999883,-1.0
0.46000000000000024,1.0,5.660000000000052,-1.0,3.579999999999988,2.0
0.47000000000000025,1.0,5.7100000000000515,2.0,3.559999999999988,2.0
0.48000000000000026,1.0,5.690000000000052,2.0,3.609999999999988,-1.0
0.49000000000000027,1.0,5.740000000000052,-1.0,3.589999999999988,-1.0
0.5000000000000002,1.0,5.720000000000052,-1.0,3.6399999999999877,2.0
0.5100000000000002,1.0,5.770000000000052,2.0,3.6199999999999877,2.0
0.5200000000000002,1.0,5.750000000000052,2.0,3.6699999999999875,-1.0
0.5300000000000002,1.0,5.800000000000052,-1.0,3.6499999999999875,-1.0
0.5400000000000003,1.0,5.780000000000053,-1.0,3.6999999999999873,2.0
0.5500000000000003,1.0,5.8300000000000525,2.0,3.6799999999999873,2.0
0.5600000000000003,1.0,5.810000000000053,2.0,3.729999999999987,-1.0
0.5700000000000003,1.0,5.860000000000053,-1.0,3.709999999999987,-1.0
0.5800000000000003,1.0,5.840000000000053,-1.0,3.759999999999987,2.0
0.5900000000000003,1.0,5.890000000000053,2.0,3.739999999999987,2.0
0.6000000000000003,1.0,5.870000000000053,2.0,3.7899999999999867,-1.0
0.6100000000000003,1.0,5.920000000000053,-1.0,3.7699999999999867,-1.0
0.6200000000000003,1.0,5.900000000000054,-1.0,3.8199999999999865,2.0
0.6300000000000003,1.0,5.9500000000000535,2.0,3.7999999999999865,2.0
0.6400000000000003,1.0,5.930000000000054,2.0,3.8499999999999863,-1.0
0.6500000000000004,1.0,5.980000000000054,-1.0,3.8299999999999863,-1.0
0.6600000000000004,1.0,5.960000000000054,-1.0,3.879999999999986,2.0
0.6700000000000004,1.0,6.010000000000054,2.0,3.859999999999986,2.0
0.6800000000000004,1.0,5.990000000000054,2.0,3.909999999999986,-1.0
0.6900000000000004,1.0,6.040000000000054,5.0,3.889999999999986,-1.0
0.7000000000000004,1.0,6.020000000000055,5.0,3.9399999999999857,5.0
0.7100000000000004,1.0,6.0700000000000545,2.0,3.9199999999999857,2.0
0.7200000000000004,1.0,6.050000000000055,2.0,3.9699999999999855,2.0
0.7300000000000004,1.0,6.100000000000055,5.0,3.9499999999999855,5.0
0.7400000000000004,1.0,6.080000000000055,5.0,3.9999999999999853,5.0
0.7500000000000004,1.0,6.130000000000055,2.0,3.9799999999999853,2.0
0.7600000000000005,1.0,6.110000000000055,2.0,4.029999999999985,2.0
0.7700000000000005,1.0,6.160000000000055,5.0,4.009999999999986,5.0
0.7800000000000005,1.0,6.140000000000056,5.0,4.059999999999985,5.0
0.7900000000000005,1.0,6.1900000000000555,2.0,4.039999999999986,2.0
0.8000000000000005,1.0,6.170000000000056,2.0,4.089999999999986,2.0
0.8100000000000005,1.0,6.220000000000056,5.0,4.069999999999986,5.0
0.8200000000000005,1.0,6.200000000000056,5.0,4.119999999999986,5.0
0.8300000000000005,1.0,6.250000000000056,2.0,4.099999999999986,2.0
0.8400000000000005,1.0,6.230000000000056,2.0,4.149999999999986,2.0
0.8500000000000005,1.0,6.280000000000056,5.0,4.129999999999987,5.0
0.8600000000000005,1.0,6.260000000000057,5.0,4.179999999999986,5.0
0.8700000000000006,1.0,6.3100000000000565,2.0,4.159999999999987,2.0
0.8800000000000006,1.0,6.290000000000057,2.0,4.209999999999987,2.0
0.8900000000000006,1.0,6.340000000000057,5.0,4.189999999999987,5.0
0.9000000000000006,1.0,6.320000000000057,5.0,4.239999999999987,5.0
0.9100000000000006,1.0,6.370000000000057,2.0,4.219999999999987,2.0
0.9200000000000006,1.0,6.350000000000057,2.0,4.269999999999987,2.0
0.9300000000000006,1.0,6.400000000000057,5.0,4.249999999999988,5.0
0.9400000000000006,1.0,6.380000000000058,5.0,4.299999999999987,5.0
0.9500000000000006,1.0,6.4300000000000574,2.0,4.279999999999988,2.0
0.9600000000000006,1.0,6.410000000000058,2.0,4.329999999999988,2.0
0.9700000000000006,1.0,6.460000000000058,5.0,4.309999999999988,5.0
0.9800000000000006,1.0,6.440000000000058,5.0,4.359999999999988,5.0
0.9900000000000007,1.0,6.490000000000058,2.0,4.339999999999988,2.0
1.0000000000000007,1.0,6.470000000000058,2.0,4.389999999999988,2.0
1.0100000000000007,1.0,6.520000000000058,5.0,4.369999999999989,5.0
1.0200000000000007,1.0,6.500000000000059,5.0,4.419999999999988,5.0
1.0300000000000007,1.0,6.550000000000058,2.0,4.399999999999989,2.0
1.0400000000000007,1.0,6.530000000000059,2.0,4.449999999999989,2.0
1.0500000000000007,1.0,6.580000000000059,5.0,4.429999999999989,5.0
1.0600000000000007,1.0,6.560000000000059,5.0,4.479999999999989,5.0
1.0700000000000007,1.0,6.610000000000059,2.0,4.459999999999989,2.0
1.0800000000000007,1.0,6.590000000000059,2.0,4.509999999999989,2.0
1.0900000000000007,1.0,6.640000000000059,5.0,4.4899999999999896,5.0
1.1000000000000008,1.0,6.62000000000006,5.0,4.539999999999989,5.0
1.1100000000000008,1.0,6.670000000000059,2.0,4.51999999999999,2.0
1.1200000000000008,1.0,6.65000000000006,2.0,4.56999999999999,2.0
1.1300000000000008,1.0,6.70000000000006,5.0,4.54999999999999,5.0
1.1400000000000008,1.0,6.68000000000006,5.0,4.59999999999999,5.0
1.1500000000000008,1.0,6.73000000000006,2.0,4.57999999999999,2.0
1.1600000000000008,1.0,6.71000000000006,2.0,4.62999999999999,2.0
1.1700000000000008,1.0,6.76000000000006,5.0,4.6099999999999905,5.0
1.1800000000000008,1.0,6.740000000000061,5.0,4.65999999999999,5.0
1.1900000000000008,1.0,6.79000000000006,2.0,4.639999999999991,2.0
1.2000000000000008,1.0,6.770000000000061,2.0,4.689999999999991,2.0
1.2100000000000009,1.0,6.820000000000061,5.0,4.669999999999991,5.0
1.2200000000000009,1.0,6.800000000000061,5.0,4.719999999999991,5.0
1.2300000000000009,1.0,6.850000000000061,2.0,4.699999999999991,2.0
1.2400000000000009,1.0,6.830000000000061,2.0,4.749999999999991,2.0
1.2500000000000009,1.0,6.880000000000061,5.0,4.7299999999999915,5.0
1.260000000000001,1.0,6.860000000000062,5.0,4.779999999999991,5.0
1.270000000000001,1.0,6.910000000000061,2.0,4.759999999999992,2.0
1.280000000000001,1.0,6.890000000000062,2.0,4.809999999999992,2.0
1.290000000000001,1.0,6.940000000000062,5.0,4.789999999999992,5.0
1.300000000000001,1.0,6.920000000000062,5.0,4.839999999999992,5.0
1.310000000000001,1.0,6.970000000000062,2.0,4.819999999999992,2.0
1.320000000000001,1.0,6.950000000000062,2.0,4.869999999999992,2.0
1.330000000000001,1.0,7.000000000000062,5.0,4.8499999999999925,5.0
1.340000000000001,1.0,6.980000000000063,5.0,4.899999999999992,5.0
1.350000000000001,1.0,7.030000000000062,2.0,4.879999999999993,2.0
1.360000000000001,1.0,7.010000000000063,2.0,4.929999999999993,2.0
1.370000000000001,1.0,7.060000000000063,5.0,4.909999999999993,5.0
1.380000000000001,1.0,7.040000000000063,5.0,4.959999999999993,5.0
1.390000000000001,1.0,7.090000000000063,2.0,4.939999999999993,2.0
1.400000000000001,1.0,7.070000000000063,2.0,4.989999999999993,2.0
1.410000000000001,1.0,7.120000000000063,5.0,4.9699999999999935,5.0
1.420000000000001,1.0,7.100000000000064,5.0,5.019999999999993,5.0
1.430000000000001,1.0,7.150000000000063,2.0,4.999999999999994,2.0
1.440000000000001,1.0,7.130000000000064,2.0,5.049999999999994,2.0
1.450000000000001,1.0,7.180000000000064,5.0,5.029999999999994,5.0
1.460000000000001,1.0,7.160000000000064,5.0,5.079999999999994,5.0
1.470000000000001,1.0,7.210000000000064,2.0,5.059999999999994,2.0
1.480000000000001,1.0,7.190000000000064,2.0,5.109999999999994,2.0
1.490000000000001,1.0,7.240000000000064,5.0,5.0899999999999945,5.0
1.500000000000001,1.0,7.220000000000065,5.0,5.139999999999994,5.0
1.5100000000000011,1.0,7.270000000000064,2.0,5.119999999999995,2.0
1.5200000000000011,1.0,7.250000000000065,2.0,5.169999999999995,2.0
1.5300000000000011,1.0,7.300000000000065,5.0,5.149999999999995,5.0
1.5400000000000011,1.0,7.280000000000065,5.0,5.199999999999995,5.0
1.5500000000000012,1.0,7.330000000000065,2.0,5.179999999999995,2.0
1.5600000000000012,1.0,7.310000000000065,2.0,5.229999999999995,2.0
1.5700000000000012,1.0,7.360000000000065,5.0,5.2099999999999955,5.0
1.5800000000000012,1.0,7.340000000000066,5.0,5.259999999999995,5.0
1.5900000000000012,1.0,7.390000000000065,2.0,5.239999999999996,2.0
1.6000000000000012,1.0,7.370000000000066,2.0,5.289999999999996,2.0
1.6100000000000012,1.0,7.420000000000066,5.0,5.269999999999996,5.0
1.6200000000000012,1.0,7.400000000000066,5.0,5.319999999999996,5.0
1.6300000000000012,1.0,7.450000000000066,2.0,5.299999999999996,2.0
1.6400000000000012,1.0,7.430000000000066,2.0,5.349999999999996,2.0
1.6500000000000012,1.0,7.480000000000066,5.0,5.3299999999999965,5.0
1.6600000000000013,1.0,7.460000000000067,5.0,5.379999999999996,5.0
1.6700000000000013,1.0,7.510000000000066,2.0,5.359999999999997,2.0
1.6800000000000013,1.0,7.490000000000067,2.0,5.409999999999997,2.0
1.6900000000000013,1.0,7.540000000000067,5.0,5.389999999999997,5.0
1.7000000000000013,1.0,7.520000000000067,5.0,5.439999999999997,5.0
1.7100000000000013,1.0,7.570000000000067,2.0,5.419999999999997,2.0
1.7200000000000013,1.0,7.550000000000067,2.0,5.469999999999997,2.0
1.7300000000000013,1.0,7.600000000000067,5.0,5.4499999999999975,5.0
1.7400000000000013,1.0,7.580000000000068,5.0,5.499999999999997,5.0
1.7500000000000013,1.0,7.630000000000067,2.0,5.479999999999998,2.0
1.7600000000000013,1.0,7.610000000000068,2.0,5.529999999999998,2.0
1.7700000000000014,1.0,7.660000000000068,5.0,5.509999999999998,5.0
1.7800000000000014,1.0,7.640000000000068,5.0,5.559999999999998,5.0
1.7900000000000014,1.0,7.690000000000068,2.0,5.539999999999998,2.0
1.8000000000000014,1.0,7.670000000000068,2.0,5.589999999999998,2.0
1.8100000000000014,1.0,7.720000000000068,5.0,5.5699999999999985,5.0
1.8200000000000014,1.0,7.700000000000069,5.0,5.619999999999998,5.0
1.8300000000000014,1.0,7.750000000000068,2.0,5.599999999999999,2.0
1.8400000000000014,1.0,7.730000000000069,2.0,5.649999999999999,2.0
1.8500000000000014,1.0,7.780000000000069,5.0,5.629999999999999,5.0
1.8600000000000014,1.0,7.760000000000069,5.0,5.679999999999999,5.0
1.8700000000000014,1.0,7.810000000000069,2.0,5.659999999999999,2.0
1.8800000000000014,1.0,7.790000000000069,2.0,5.709999999999999,2.0
1.8900000000000015,1.0,7.840000000000069,5.0,5.6899999999999995,5.0
1.9000000000000015,1.0,7.82000000000007,5.0,5.739999999999999,5.0
1.9100000000000015,1.0,7.870000000000069,2.0,5.72,2.0
1.9200000000000015,1.0,7.85000000000007,2.0,5.77,2.0
1.9300000000000015,1.0,7.90000000000007,5.0,5.75,5.0
1.9400000000000015,1.0,7.88000000000007,5.0,5.8,5.0
1.9500000000000015,1.0,7.93000000000007,2.0,5.78,2.0
1.9600000000000015,1.0,7.91000000000007,2.0,5.83,2.0
1.9700000000000015,1.0,7.96000000000007,5.0,5.8100000000000005,5.0
1.9800000000000015,1.0,7.940000000000071,5.0,5.86,5.0
1.9900000000000015,1.0,7.99000000000007,2.0,5.840000000000001,2.0
2.0000000000000013,1.0,7.970000000000071,2.0,5.890000000000001,2.0
2.010000000000001,1.0,8.02000000000007,5.0,5.870000000000001,5.0
2.020000000000001,1.0,8.000000000000071,5.0,5.920000000000001,5.0
2.0300000000000007,1.0,8.050000000000072,2.0,5.900000000000001,2.0
2.0400000000000005,1.0,8.030000000000072,2.0,5.950000000000001,2.0
2.0500000000000003,1.0,8.080000000000073,5.0,5.9300000000000015,5.0
2.06,1.0,8.060000000000073,5.0,5.980000000000001,5.0
2.07,1.0,8.110000000000074,2.0,5.960000000000002,2.0
2.0799999999999996,1.0,8.090000000000074,2.0,6.010000000000002,2.0
2.0899999999999994,1.0,8.140000000000075,5.0,5.990000000000002,5.0
2.099999999999999,1.0,8.120000000000076,5.0,6.040000000000002,5.0
2.109999999999999,1.0,8.170000000000076,2.0,6.020000000000002,2.0
2.1199999999999988,1.0,8.150000000000077,2.0,6.070000000000002,2.0
2.1299999999999986,1.0,8.200000000000077,0.0,6.0500000000000025,5.0
2.1399999999999983,1.0,8.180000000000078,-2.0,6.100000000000002,5.0
2.149999999999998,1.0,8.230000000000079,5.0,6.080000000000003,-2.0
2.159999999999998,1.0,8.210000000000079,5.0,6.130000000000003,-2.0
2.1699999999999977,1.0,8.26000000000008,0.0,6.110000000000003,-5.0
2.1799999999999975,1.0,8.24000000000008,-5.0,6.160000000000003,-5.0
2.1899999999999973,1.0,8.29000000000008,-2.0,6.140000000000003,-2.0
2.199999999999997,1.0,8.270000000000081,-2.0,6.190000000000003,-2.0
2.209999999999997,1.0,8.320000000000082,-5.0,6.1700000000000035,-5.0
2.2199999999999966,1.0,8.300000000000082,-5.0,6.220000000000003,-5.0
2.2299999999999964,1.0,8.350000000000083,-2.0,6.200000000000004,-2.0
2.239999999999996,1.0,8.330000000000084,-2.0,6.2500000000000036,-2.0
2.249999999999996,1.0,8.380000000000084,-5.0,6.230000000000004,-5.0
2.259999999999996,1.0,8.360000000000085,-5.0,6.280000000000004,-5.0
2.2699999999999956,1.0,8.410000000000085,-2.0,6.260000000000004,-2.0
2.2799999999999954,1.0,8.390000000000086,-2.0,6.310000000000004,-2.0
2.289999999999995,1.0,8.440000000000087,-5.0,6.2900000000000045,-5.0
2.299999999999995,1.0,8.420000000000087,-5.0,6.340000000000004,-5.0
2.3099999999999947,1.0,8.470000000000088,-2.0,6.320000000000005,-2.0
2.3199999999999945,1.0,8.450000000000088,-2.0,6.3700000000000045,-2.0
2.3299999999999943,1.0,8.500000000000089,-5.0,6.350000000000005,-5.0
2.339999999999994,1.0,8.48000000000009,-5.0,6.400000000000005,-5.0
2.349999999999994,1.0,8.53000000000009,-2.0,6.380000000000005,-2.0
2.3599999999999937,1.0,8.51000000000009,-2.0,6.430000000000005,-2.0
2.3699999999999934,1.0,8.560000000000091,-5.0,6.4100000000000055,-5.0
2.3799999999999932,1.0,8.540000000000092,-5.0,6.460000000000005,-5.0
2.389999999999993,1.0,8.590000000000092,-2.0,6.440000000000006,-2.0
2.399999999999993,1.0,8.570000000000093,-2.0,6.4900000000000055,-2.0
2.4099999999999926,1.0,8.620000000000093,-5.0,6.470000000000006,-5.0
2.4199999999999924,1.0,8.600000000000094,-5.0,6.520000000000006,-5.0
2.429999999999992,1.0,8.650000000000095,-2.0,6.500000000000006,-2.0
2.439999999999992,1.0,8.630000000000095,-2.0,6.550000000000006,-2.0
2.4499999999999917,1.0,8.680000000000096,-5.0,6.5300000000000065,-5.0
2.4599999999999915,1.0,8.660000000000096,-5.0,6.580000000000006,-5.0
2.4699999999999913,1.0,8.710000000000097,-2.0,6.560000000000007,-2.0
2.479999999999991,1.0,8.690000000000097,-2.0,6.6100000000000065,-2.0
2.489999999999991,1.0,8.740000000000098,-5.0,6.590000000000007,-5.0
2.4999999999999907,1.0,8.720000000000098,-5.0,6.640000000000007,-5.0
2.5099999999999905,1.0,8.770000000000099,-2.0,6.620000000000007,-2.0
2.5199999999999902,1.0,8.7500000000001,-2.0,6.670000000000007,-2.0
2.52999999999999,1.0,8.8000000000001,-5.0,6.6500000000000075,-5.0
2.53999999999999,1.0,8.7800000000001,-5.0,6.700000000000007,-5.0
2.5499999999999896,1.0,8.830000000000101,-2.0,6.680000000000008,-2.0
2.5599999999999894,1.0,8.810000000000102,-2.0,6.7300000000000075,-2.0
2.569999999999989,1.0,8.860000000000102,-5.0,6.710000000000008,-5.0
2.579999999999989,1.0,8.840000000000103,-5.0,6.760000000000008,-5.0
2.5899999999999888,1.0,8.890000000000104,-2.0,6.740000000000008,-2.0
2.5999999999999885,1.0,8.870000000000104,-2.0,6.790000000000008,-2.0
2.6099999999999883,1.0,8.920000000000105,-5.0,6.7700000000000085,-5.0
2.619999999999988,1.0,8.900000000000105,-5.0,6.820000000000008,-5.0
2.629999999999988,1.0,8.950000000000106,-2.0,6.800000000000009,-2.0
2.6399999999999877,1.0,8.930000000000106,-2.0,6.750000000000009,-2.0
2.6499999999999875,1.0,8.980000000000107,-5.0,6.730000000000009,-5.0
2.6599999999999873,1.0,8.960000000000107,-5.0,6.6800000000000095,-5.0
2.669999999999987,1.0,9.010000000000108,-2.0,6.66000000000001,-2.0
2.679999999999987,1.0,9.0,-2.0,6.61000000000001,-2.0
2.6899999999999866,1.0,8.98,-5.0,6.5900000000000105,-5.0
2.6999999999999864,1.0,8.93,-5.0,6.540000000000011,-5.0
2.709999999999986,1.0,8.91,-2.0,6.520000000000011,-2.0
2.719999999999986,1.0,8.86,-2.0,6.470000000000011,-2.0
2.7299999999999858,1.0,8.84,-5.0,6.450000000000012,-5.0
2.7399999999999856,1.0,8.79,-5.0,6.400000000000012,-5.0
2.7499999999999853,1.0,8.77,-2.0,6.380000000000012,-2.0
2.759999999999985,1.0,8.719999999999999,-2.0,6.3300000000000125,-2.0
2.769999999999985,1.0,8.7,-5.0,6.310000000000013,-5.0
2.7799999999999847,1.0,8.649999999999999,-5.0,6.260000000000013,-5.0
2.7899999999999845,1.0,8.629999999999999,-2.0,6.2400000000000135,-2.0
2.7999999999999843,1.0,8.579999999999998,-2.0,6.190000000000014,-2.0
2.809999999999984,1.0,8.559999999999999,-5.0,6.170000000000014,-5.0
2.819999999999984,1.0,8.509999999999998,-5.0,6.120000000000014,-5.0
2.8299999999999836,1.0,8.489999999999998,-2.0,6.100000000000015,-2.0
2.8399999999999834,1.0,8.439999999999998,-2.0,6.050000000000015,-2.0
2.849999999999983,1.0,8.419999999999998,-5.0,6.030000000000015,-5.0
2.859999999999983,1.0,8.369999999999997,-5.0,5.9800000000000155,-5.0
2.869999999999983,1.0,8.349999999999998,-2.0,5.960000000000016,-2.0
2.8799999999999826,1.0,8.299999999999997,-2.0,5.910000000000016,-2.0
2.8899999999999824,1.0,8.279999999999998,-5.0,5.8900000000000166,-5.0
2.899999999999982,1.0,8.229999999999997,-5.0,5.840000000000017,-5.0
2.909999999999982,1.0,8.209999999999997,-2.0,,-2.0
2.9199999999999817,1.0,8.159999999999997,-2.0,,-2.0
2.9299999999999815,1.0,8.139999999999997,-5.0,,-5.0
2.9399999999999813,1.0,8.089999999999996,-5.0,,-5.0
,1.0,8.069999999999997,-2.0,,-2.0
,1.0,,-2.0,,-2.0
,1.0,,-5.0,,-5.0
,1.0,,-5.0,,-5.0
,1.0,,-2.0,,-2.0
,1.0,,-2.0,,-2.0
,1.0,,-5.0,,-5.0
,1.0,,-5.0,,-5.0
,1.0,,-2.0,,-2.0
,1.0,,-2.0,,-2.0
,1.0,,-5.0,,-5.0
,1.0,,-5.0,,-5.0
,1.0,,-2.0,,-2.0
,,,-2.0,,-2.0
,,,-5.0,,-5.0
,,,-5.0,,-5.0
,,,-2.0,,-2.0
,,,-2.0,,-2.0
,,,-5.0,,-5.0
,,,-5.0,,-5.0
,,,-2.0,,-2.0
,,,-2.0,,-2.0
,,,-5.0,,-5.0
,,,-5.0,,-5.0
,,,-2.0,,-2.0
,,,-2.0,,-2.0
,,,-5.0,,-5.0
,,,-5.0,,-5.0
,,,-2.0,,-2.0
,,,-2.0,,-2.0
,,,-5.0,,-5.0
,,,-5.0,,-5.0
,,,-2.0,,-2.0
,,,-2.0,,-2.0
,,,-5.0,,-5.0
,,,-5.0,,-5.0
,,,-2.0,,-2.0
,,,-2.0,,-2.0
,,,-5.0,,-5.0
,,,-5.0,,-5.0
,,,-2.0,,-2.0
,,,-2.0,,-2.0
,,,-5.0,,-5.0
,,,-5.0,,-5.0
,,,-2.0,,-2.0
,,,-2.0,,-2.0
,,,-5.0,,-5.0
,,,-5.0,,-5.0
,,,-2.0,,-2.0
,,,-2.0,,-2.0
,,,-5.0,,-5.0
,,,-5.0,,-5.0
,,,-2.0,,-2.0
,,,-2.0,,-2.0
,,,-5.0,,-5.0
,,,-5.0,,-5.0
,,,-2.0,,-2.0
,,,-2.0,,-2.0
,,,-5.0,,-5.0
,,,-5.0,,-5.0
,,,-2.0,,-2.0
,,,-2.0,,-2.0
,,,-5.0,,-5.0
,,,-5.0,,-5.0
,,,-2.0,,-2.0
,,,-2.0,,-2.0
,,,-5.0,,-5.0
,,,-5.0,,-5.0
,,,-2.0,,-2.0
,,,-2.0,,-2.0
,,,-5.0,,-5.0
,,,-5.0,,-5.0
,,,-2.0,,-2.0
,,,-2.0,,-2.0
,,,-5.0,,-5.0
,,,-5.0,,-5.0
,,,-2.0,,-2.0
,,,-2.0,,-2.0
,,,-5.0,,-5.0
,,,-5.0,,-5.0
,,,-2.0,,-2.0
,,,-2.0,,-2.0
,,,-5.0,,-5.0
,,,-5.0,,-5.0
,,,-2.0,,-2.0
,,,-2.0,,-2.0
,,,-5.0,,-5.0
,,,-5.0,,-5.0
,,,-2.0,,-2.0
,,,-2.0,,-2.0
,,,-5.0,,-5.0
,,,-5.0,,-5.0
,,,-2.0,,-2.0
,,,-2.0,,-2.0
,,,-5.0,,-5.0
,,,-5.0,,-5.0
,,,-2.0,,-2.0
,,,-2.0,,-2.0
,,,-5.0,,-5.0
,,,-5.0,,-5.0
,,,-2.0,,-2.0
,,,-2.0,,-2.0
,,,-5.0,,-5.0
,,,-5.0,,-5.0
,,,-2.0,,-2.0
,,,-2.0,,-2.0
,,,-5.0,,-5.0
,,,-5.0,,-5.0
,,,-2.0,,-2.0
,,,-2.0,,-2.0
,,,-5.0,,-5.0
,,,-5.0,,-5.0
,,,-2.0,,-2.0
,,,-2.0,,-2.0
,,,-5.0,,-5.0
,,,-5.0,,-5.0
,,,-2.0,,-2.0
,,,-2.0,,-2.0
,,,-5.0,,-5.0
,,,-5.0,,-5.0
,,,-2.0,,-2.0
,,,-2.0,,-2.0
,,,-5.0,,-5.0
,,,-5.0,,-5.0
,,,-2.0,,-2.0
,,,-2.0,,-2.0
,,,-5.0,,-5.0
,,,-5.0,,-5.0
,,,-2.0,,-2.0
,,,-2.0,,-2.0
,,,-5.0,,-5.0
,,,-5.0,,-5.0
,,,-2.0,,-2.0
,,,-2.0,,-2.0
,,,-5.0,,-5.0
,,,-5.0,,-5.0
,,,-2.0,,-2.0
,,,-2.0,,-2.0
,,,-5.0,,-5.0
,,,-5.0,,-5.0
,,,-2.0,,-2.0
,,,-2.0,,-2.0
,,,-5.0,,-5.0
,,,-5.0,,-5.0
,,,-2.0,,-2.0
,,,-2.0,,-2.0
,,,-5.0,,-5.0
,,,-5.0,,-5.0
,,,-2.0,,-2.0
,,,-2.0,,-2.0
,,,-5.0,,-5.0
,,,-5.0,,-5.0
,,,-2.0,,-2.0
,,,-2.0,,-2.0
,,,-5.0,,-5.0
,,,-5.0,,-5.0
,,,-2.0,,-2.0
,,,-2.0,,-2.0
,,,-5.0,,-5.0
,,,-5.0,,-5.0
,,,-2.0,,-2.0
,,,-2.0,,-2.0
,,,-5.0,,-5.0
,,,-5.0,,-5.0
,,,-2.0,,-2.0
,,,-2.0,,-2.0
,,,-5.0,,-5.0
,,,-5.0,,-5.0
,,,-2.0,,-2.0
,,,-2.0,,-2.0
,,,-5.0,,-5.0
,,,-5.0,,-5.0
,,,-2.0,,-2.0
,,,-2.0,,-2.0
,,,-5.0,,-5.0
,,,-5.0,,-5.0
,,,-2.0,,-2.0
,,,-2.0,,-2.0
,,,-5.0,,-5.0
,,,-5.0,,-5.0
,,,-2.0,,-1.0
,,,-2.0,,-2.0
,,,-1.0,,-2.0
,,,-1.0,,-1.0
,,,-2.0,,-1.0
,,,-2.0,,-2.0
,,,-1.0,,-2.0
,,,-1.0,,-1.0
,,,-2.0,,-1.0
,,,-2.0,,-2.0
,,,-1.0,,-2.0
,,,-1.0,,-1.0
,,,-2.0,,-1.0
,,,-2.0,,-2.0
,,,-1.0,,-2.0
,,,-1.0,,-1.0
,,,-2.0,,-1.0
,,,-2.0,,-2.0
,,,-1.0,,-2.0
,,,-1.0,,-1.0
,,,-2.0,,-1.0
,,,-2.0,,-2.0
,,,-1.0,,-2.0
,,,-1.0,,-1.0
,,,-2.0,,-1.0
,,,-2.0,,-2.0
,,,-1.0,,-2.0
,,,-1.0,,-1.0
,,,-2.0,,-1.0
,,,-2.0,,-2.0
,,,-1.0,,-2.0
,,,-1.0,,-1.0
,,,-2.0,,-1.0
,,,-2.0,,-2.0
,,,-1.0,,-2.0
,,,-1.0,,-1.0
,,,-2.0,,-1.0
,,,-2.0,,-2.0
,,,-1.0,,-2.0
,,,-1.0,,-1.0
,,,-2.0,,-1.0
,,,-2.0,,-2.0
,,,-1.0,,-2.0
,,,-1.0,,-1.0
,,,-2.0,,-1.0
,,,-2.0,,-2.0
,,,-1.0,,-2.0
,,,-1.0,,-1.0
,,,-2.0,,-1.0
,,,-2.0,,-2.0
,,,-1.0,,-2.0
,,,-1.0,,-1.0
,,,-2.0,,-1.0
,,,-2.0,,-2.0
,,,-1.0,,-2.0
,,,-1.0,,-1.0
,,,-2.0,,-1.0
,,,-2.0,,-2.0
,,,-1.0,,-2.0
,,,-1.0,,-1.0
,,,-2.0,,-1.0
,,,-2.0,,-2.0
,,,-1.0,,-2.0
,,,-1.0,,-1.0
,,,-2.0,,-1.0
,,,-2.0,,-2.0
,,,-1.0,,-2.0
,,,-1.0,,-1.0
,,,-2.0,,-1.0
,,,-2.0,,-2.0
,,,-1.0,,-2.0
,,,-1.0,,-1.0
,,,-2.0,,-1.0
,,,-2.0,,-2.0
,,,-1.0,,-2.0
,,,-1.0,,-1.0
,,,-2.0,,-1.0
,,,-2.0,,-2.0
,,,-1.0,,-2.0
,,,-1.0,,-1.0
,,,-2.0,,-1.0
,,,-2.0,,-2.0
,,,-1.0,,-2.0
,,,-1.0,,-1.0
,,,-2.0,,-1.0
,,,-2.0,,-2.0
,,,-1.0,,-2.0
,,,-1.0,,5.0
,,,5.0,,-1.0
,,,5.0,,-1.0
,,,-2.0,,-2.0
,,,-2.0,,5.0
,,,5.0,,5.0
,,,5.0,,-2.0
,,,-2.0,,-2.0
,,,-2.0,,5.0
,,,5.0,,5.0
,,,5.0,,-2.0
,,,-2.0,,-2.0
,,,-2.0,,5.0
,,,5.0,,5.0
,,,5.0,,-2.0
,,,-2.0,,-2.0
,,,-2.0,,5.0
,,,5.0,,5.0
,,,5.0,,-2.0
,,,-2.0,,-2.0
,,,-2.0,,5.0
,,,5.0,,5.0
,,,5.0,,-2.0
,,,-2.0,,-2.0
,,,-2.0,,5.0
,,,5.0,,5.0
,,,5.0,,-2.0
,,,-2.0,,-2.0
,,,-2.0,,5.0
,,,5.0,,5.0
,,,5.0,,-2.0
,,,-2.0,,-2.0
,,,-2.0,,5.0
,,,5.0,,5.0
,,,5.0,,-2.0
,,,-2.0,,-2.0
,,,-2.0,,5.0
,,,5.0,,5.0
,,,5.0,,-2.0
,,,-2.0,,-2.0
,,,-2.0,,5.0
,,,5.0,,5.0
,,,5.0,,-2.0
,,,-2.0,,-2.0
,,,-2.0,,5.0
,,,5.0,,5.0
,,,5.0,,-2.0
,,,-2.0,,-2.0
,,,-2.0,,5.0
,,,5.0,,5.0
,,,5.0,,-2.0
,,,-2.0,,-2.0
,,,-2.0,,5.0
,,,5.0,,5.0
,,,5.0,,-2.0
,,,-2.0,,-2.0
,,,-2.0,,5.0
,,,5.0,,5.0
,,,5.0,,-2.0
,,,-2.0,,-2.0
,,,-2.0,,5.0
,,,5.0,,5.0
,,,5.0,,-2.0
,,,-2.0,,-2.0
,,,-2.0,,5.0
,,,5.0,,5.0
,,,5.0,,-2.0
,,,-2.0,,-2.0
,,,-2.0,,5.0
,,,5.0,,5.0
,,,5.0,,-2.0
,,,-2.0,,-2.0
,,,-2.0,,5.0
,,,5.0,,5.0
,,,5.0,,-2.0
,,,-2.0,,-2.0
,,,-2.0,,5.0
,,,5.0,,5.0
,,,5.0,,-2.0
,,,-2.0,,-2.0
,,,-2.0,,5.0
,,,5.0,,5.0
,,,5.0,,-2.0
,,,-2.0,,-2.0
,,,-2.0,,5.0
,,,5.0,,5.0
,,,5.0,,-2.0
,,,-2.0,,-2.0
,,,-2.0,,5.0
,,,5.0,,5.0
,,,5.0,,-2.0
,,,-2.0,,-2.0
,,,-2.0,,5.0
,,,5.0,,5.0
,,,5.0,,-2.0
,,,-2.0,,-2.0
,,,-2.0,,5.0
,,,5.0,,5.0
,,,5.0,,-2.0
,,,-2.0,,-2.0
,,,-2.0,,5.0
,,,5.0,,5.0
,,,5.0,,-2.0
,,,-2.0,,-2.0
,,,-2.0,,5.0
,,,5.0,,5.0
,,,5.0,,-2.0
,,,-2.0,,-2.0
,,,-2.0,,5.0
,,,5.0,,5.0
,,,5.0,,-2.0
,,,-2.0,,-2.0
,,,-2.0,,5.0
,,,5.0,,5.0
,,,5.0,,-2.0
,,,-2.0,,-2.0
,,,-2.0,,5.0
,,,5.0,,5.0
,,,5.0,,-2.0
,,,-2.0,,-2.0
,,,-2.0,,5.0
,,,5.0,,5.0
,,,5.0,,-2.0
,,,-2.0,,-2.0
,,,-2.0,,5.0
,,,5.0,,5.0
,,,5.0,,-2.0
,,,-2.0,,-2.0
,,,-2.0,,5.0
,,,5.0,,5.0
,,,5.0,,-2.0
,,,-2.0,,-2.0
,,,-2.0,,5.0
,,,5.0,,5.0
,,,5.0,,-2.0
,,,-2.0,,-2.0
,,,-2.0,,5.0
,,,5.0,,5.0
,,,5.0,,-2.0
,,,-2.0,,-2.0
,,,-2.0,,5.0
,,,5.0,,5.0
,,,5.0,,-2.0
,,,-2.0,,-2.0
,,,-2.0,,5.0
,,,5.0,,5.0
,,,5.0,,-2.0
,,,-2.0,,-2.0
,,,-2.0,,5.0
,,,5.0,,5.0
,,,5.0,,-2.0
,,,-2.0,,-2.0
,,,-2.0,,5.0
,,,5.0,,5.0
,,,5.0,,-2.0
,,,-2.0,,-2.0
,,,-2.0,,5.0
,,,5.0,,5.0
,,,5.0,,-2.0
,,,-2.0,,-2.0
,,,-2.0,,5.0
,,,5.0,,5.0
,,,5.0,,-2.0
,,,-2.0,,-2.0
,,,-2.0,,5.0
,,,5.0,,5.0
,,,5.0,,-2.0
,,,-2.0,,-2.0
,,,-2.0,,5.0
,,,5.0,,5.0
,,,5.0,,-2.0
,,,-2.0,,-2.0
,,,-2.0,,5.0
,,,5.0,,5.0
,,,5.0,,-2.0
,,,-2.0,,-2.0
,,,-2.0,,5.0
,,,5.0,,5.0
,,,5.0,,-2.0
,,,-2.0,,-2.0
,,,-2.0,,5.0
,,,5.0,,5.0
,,,5.0,,-2.0
,,,-2.0,,-2.0
,,,-2.0,,5.0
,,,5.0,,5.0
,,,5.0,,-2.0
,,,-2.0,,-2.0
,,,-2.0,,5.0
,,,5.0,,5.0
,,,5.0,,-2.0
,,,-2.0,,-2.0
,,,-2.0,,5.0
,,,5.0,,5.0
,,,5.0,,-2.0
,,,-2.0,,-2.0
,,,-2.0,,5.0
,,,5.0,,5.0
,,,5.0,,-2.0
,,,-2.0,,-2.0
,,,-2.0,,5.0
,,,5.0,,5.0
,,,5.0,,-2.0
,,,-2.0,,-2.0
,,,-2.0,,5.0
,,,5.0,,5.0
,,,5.0,,-2.0
,,,-2.0,,-2.0
,,,-2.0,,5.0
,,,5.0,,5.0
,,,5.0,,-2.0
,,,-2.0,,-2.0
,,,-2.0,,5.0
,,,5.0,,5.0
,,,5.0,,-2.0
,,,-2.0,,-2.0
,,,-2.0,,5.0
,,,5.0,,5.0
,,,5.0,,-2.0
,,,-2.0,,-2.0
,,,-2.0,,5.0
,,,5.0,,5.0
,,,5.0,,-2.0
,,,-2.0,,-2.0
,,,-2.0,,5.0
,,,5.0,,5.0
,,,5.0,,-2.0
,,,-2.0,,-2.0
,,,-2.0,,5.0
,,,5.0,,5.0
,,,5.0,,-2.0
,,,-2.0,,-2.0
,,,-2.0,,5.0
,,,5.0,,5.0
,,,5.0,,-2.0
,,,-2.0,,-2.0
,,,-2.0,,5.0
,,,5.0,,5.0
,,,5.0,,-2.0
,,,-2.0,,-2.0
,,,-2.0,,5.0
,,,5.0,,5.0
,,,5.0,,-2.0
,,,-2.0,,-2.0
,,,-2.0,,5.0
,,,5.0,,5.0
,,,5.0,,-2.0
,,,-2.0,,-2.0
,,,-2.0,,5.0
,,,5.0,,5.0
,,,5.0,,-2.0
,,,-2.0,,-2.0
,,,-2.0,,5.0
,,,5.0,,5.0
,,,5.0,,-2.0
,,,-2.0,,-2.0
,,,-2.0,,5.0
,,,5.0,,5.0
,,,5.0,,-2.0
,,,-2.0,,-2.0
,,,-2.0,,5.0
,,,5.0,,5.0
,,,5.0,,-2.0
,,,-2.0,,-2.0
,,,-2.0,,5.0
,,,5.0,,5.0
,,,5.0,,-2.0
,,,-2.0,,-2.0
,,,-2.0,,5.0
,,,5.0,,5.0
,,,5.0,,-2.0
,,,-2.0,,-2.0
,,,-2.0,,5.0
,,,5.0,,5.0
,,,5.0,,-2.0
,,,-2.0,,-2.0
,,,-2.0,,5.0
,,,5.0,,5.0
,,,5.0,,-2.0
,,,-2.0,,-2.0
,,,-2.0,,5.0
,,,5.0,,5.0
,,,5.0,,-2.0
,,,-2.0,,-2.0
,,,-2.0,,5.0
,,,5.0,,5.0
,,,5.0,,-2.0
,,,-2.0,,-2.0
,,,-2.0,,5.0
,,,5.0,,5.0
,,,5.0,,-2.0
,,,-2.0,,-2.0
,,,-2.0,,5.0
,,,5.0,,5.0
,,,5.0,,-2.0
,,,-2.0,,-2.0
,,,-2.0,,5.0
,,,5.0,,5.0
,,,5.0,,-2.0
,,,-2.0,,-2.0
,,,-2.0,,5.0
,,,5.0,,5.0
,,,5.0,,-2.0
,,,-2.0,,-2.0
,,,-2.0,,5.0
,,,5.0,,5.0
,,,5.0,,-2.0
,,,-2.0,,-2.0
,,,-2.0,,5.0
,,,5.0,,5.0
,,,5.0,,-2.0
,,,-2.0,,-2.0
,,,-2.0,,5.0
,,,5.0,,5.0
,,,5.0,,-2.0
,,,-2.0,,-2.0
,,,-2.0,,5.0
,,,5.0,,5.0
,,,5.0,,-2.0
,,,-2.0,,-2.0
,,,-2.0,,5.0
,,,5.0,,5.0
,,,5.0,,-2.0
,,,-2.0,,-2.0
,,,-2.0,,5.0
,,,5.0,,5.0
,,,5.0,,-2.0
,,,-2.0,,-2.0
,,,-2.0,,5.0
,,,5.0,,5.0
,,,5.0,,-2.0
,,,-2.0,,-2.0
,,,-2.0,,5.0
,,,5.0,,5.0
,,,5.0,,-2.0
,,,-2.0,,-2.0
,,,-2.0,,5.0
,,,5.0,,5.0
,,,5.0,,-2.0
,,,-2.0,,-2.0
,,,-2.0,,5.0
,,,5.0,,5.0
,,,5.0,,-2.0
,,,-2.0,,-2.0
,,,-2.0,,5.0
,,,5.0,,5.0
,,,5.0,,-2.0
,,,-2.0,,-2.0
,,,-2.0,,5.0
,,,5.0,,5.0
,,,5.0,,-2.0
,,,-2.0,,-2.0
,,,-2.0,,5.0
,,,5.0,,5.0
,,,5.0,,-2.0
,,,-2.0,,-2.0
,,,-2.0,,5.0
,,,5.0,,5.0
,,,5.0,,-2.0
,,,-2.0,,-2.0
,,,-2.0,,5.0
,,,5.0,,5.0
,,,5.0,,-2.0
,,,-2.0,,-2.0
,,,-2.0,,5.0
,,,5.0,,5.0
,,,5.0,,-2.0
,,,-2.0,,-2.0
,,,-2.0,,5.0
,,,5.0,,5.0
,,,5.0,,-2.0
,,,-2.0,,-2.0
,,,-2.0,,5.0
,,,5.0,,5.0
,,,5.0,,-2.0
,,,-2.0,,-2.0
,,,-2.0,,5.0
,,,5.0,,5.0
,,,5.0,,-2.0
,,,-2.0,,-2.0
,,,-2.0,,5.0
,,,5.0,,5.0
,,,5.0,,-2.0
,,,-2.0,,-2.0
,,,-2.0,,5.0
,,,5.0,,5.0
,,,5.0,,-2.0
,,,-2.0,,-2.0
,,,-2.0,,5.0
,,,5.0,,5.0
,,,5.0,,-2.0
,,,-2.0,,-2.0
,,,-2.0,,5.0
,,,5.0,,5.0
,,,5.0,,-2.0
,,,-2.0,,-2.0
,,,-2.0,,5.0
,,,5.0,,5.0
,,,5.0,,-2.0
,,,-2.0,,-2.0
,,,-2.0,,5.0
,,,5.0,,5.0
,,,5.0,,-2.0
,,,-2.0,,-2.0
,,,-2.0,,5.0
,,,5.0,,5.0
,,,5.0,,-2.0
,,,-2.0,,-2.0
,,,-2.0,,5.0
,,,5.0,,5.0
,,,5.0,,-2.0
,,,-2.0,,-2.0
,,,-2.0,,5.0
,,,5.0,,5.0
,,,5.0,,-2.0
,,,-2.0,,-2.0
,,,-2.0,,5.0
,,,5.0,,5.0
,,,5.0,,-2.0
,,,-2.0,,-2.0
,,,-2.0,,5.0
,,,5.0,,5.0
,,,5.0,,-2.0
,,,-2.0,,-2.0
,,,-2.0,,5.0
,,,5.0,,5.0
,,,5.0,,-2.0
,,,-2.0,,-2.0
,,,-2.0,,5.0
,,,5.0,,5.0
,,,5.0,,-2.0
,,,-2.0,,-2.0
,,,-2.0,,5.0
,,,5.0,,5.0
,,,5.0,,-2.0
,,,-2.0,,-2.0
,,,-2.0,,5.0
,,,5.0,,5.0
,,,5.0,,-2.0
,,,-2.0,,-2.0
,,,-2.0,,5.0
,,,5.0,,5.0
,,,5.0,,-2.0
,,,-2.0,,-2.0
,,,-2.0,,5.0
,,,5.0,,5.0
,,,5.0,,-2.0
,,,-2.0,,-2.0
,,,-2.0,,5.0
,,,5.0,,5.0
,,,5.0,,-2.0
,,,-2.0,,-2.0
,,,-2.0,,5.0
,,,5.0,,5.0
,,,5.0,,-2.0
,,,-2.0,,-2.0
,,,-2.0,,5.0
,,,5.0,,5.0
,,,5.0,,-2.0
,,,-2.0,,-2.0
,,,-2.0,,5.0
,,,5.0,,5.0
,,,5.0,,-2.0
,,,-2.0,,-2.0
,,,-2.0,,5.0
,,,5.0,,5.0
,,,5.0,,-2.0
,,,-2.0,,-2.0
,,,-2.0,,5.0
,,,5.0,,5.0
,,,5.0,,-2.0
,,,-2.0,,-2.0
,,,-2.0,,5.0
,,,5.0,,5.0
,,,5.0,,-2.0
,,,-2.0,,-2.0
,,,-2.0,,5.0
,,,5.0,,5.0
,,,5.0,,-2.0
,,,-2.0,,-2.0
,,,-2.0,,5.0
,,,5.0,,5.0
,,,5.0,,-2.0
,,,-2.0,,-2.0
,,,-2.0,,5.0
,,,5.0,,5.0
,,,5.0,,-2.0
,,,-2.0,,-2.0
,,,-2.0,,5.0
,,,5.0,,5.0
,,,5.0,,-2.0
,,,-2.0,,-2.0
,,,-2.0,,5.0
,,,5.0,,5.0
,,,5.0,,-2.0
,,,-2.0,,-2.0
,,,-2.0,,5.0
,,,5.0,,5.0
,,,5.0,,-2.0
,,,-2.0,,-2.0
,,,-2.0,,5.0
,,,5.0,,5.0
,,,5.0,,-2.0
,,,-2.0,,-2.0
,,,-2.0,,5.0
,,,5.0,,5.0
,,,5.0,,-2.0
,,,-2.0,,-2.0
,,,-2.0,,5.0
,,,5.0,,5.0
,,,5.0,,-2.0
,,,-2.0,,-2.0
,,,-2.0,,5.0
,,,5.0,,5.0
,,,5.0,,-2.0
,,,-2.0,,-2.0
,,,-2.0,,5.0
,,,5.0,,5.0
,,,5.0,,-2.0
,,,-2.0,,-2.0
,,,-2.0,,5.0
,,,5.0,,5.0
,,,5.0,,-2.0
,,,-2.0,,-2.0
,,,-2.0,,5.0
,,,5.0,,5.0
,,,5.0,,-2.0
,,,-2.0,,-2.0
,,,-2.0,,5.0
,,,5.0,,5.0
,,,5.0,,-2.0
,,,-2.0,,-2.0
,,,-2.0,,5.0
,,,5.0,,5.0
,,,5.0,,-2.0
,,,-2.0,,-2.0
,,,-2.0,,5.0
,,,5.0,,5.0
,,,5.0,,-2.0
,,,-2.0,,-2.0
,,,-2.0,,5.0
,,,5.0,,5.0
,,,5.0,,-2.0
,,,-2.0,,-2.0
,,,-2.0,,5.0
,,,5.0,,5.0
,,,5.0,,-2.0
,,,-2.0,,-2.0
,,,-2.0,,5.0
,,,5.0,,5.0
,,,5.0,,-2.0
,,,-2.0,,-2.0
,,,-2.0,,5.0
,,,5.0,,5.0
,,,5.0,,-2.0
,,,-2.0,,-2.0
,,,-2.0,,5.0
,,,5.0,,5.0
,,,5.0,,-2.0
,,,-2.0,,-2.0
,,,-2.0,,5.0
,,,5.0,,5.0
,,,5.0,,-2.0
,,,-2.0,,-2.0
,,,-2.0,,5.0
,,,5.0,,5.0
,,,5.0,,-2.0
,,,-2.0,,-2.0
,,,-2.0,,5.0
,,,5.0,,5.0
,,,5.0,,-2.0
,,,-2.0,,-2.0
,,,-2.0,,5.0
,,,5.0,,5.0
,,,5.0,,-2.0
,,,-2.0,,-2.0
,,,-2.0,,5.0
,,,5.0,,5.0
,,,5.0,,-2.0
,,,-2.0,,-2.0
,,,-2.0,,5.0
,,,5.0,,5.0
,,,5.0,,-2.0
,,,-2.0,,-2.0
,,,-2.0,,5.0
,,,5.0,,5.0
,,,5.0,,-2.0
,,,-2.0,,-2.0
,,,-2.0,,5.0
,,,5.0,,5.0
,,,5.0,,-2.0
,,,-2.0,,-2.0
,,,-2.0,,5.0
,,,5.0,,5.0
,,,5.0,,-2.0
,,,-2.0,,-2.0
,,,-2.0,,5.0
,,,5.0,,5.0
,,,5.0,,-2.0
,,,-2.0,,-2.0
,,,-2.0,,5.0
,,,5.0,,5.0
,,,5.0,,-2.0
,,,-2.0,,-2.0
,,,-2.0,,5.0
,,,5.0,,5.0
,,,5.0,,-2.0
,,,-2.0,,-2.0
,,,-2.0,,5.0
,,,5.0,,5.0
,,,5.0,,-2.0
,,,-2.0,,-2.0
,,,-2.0,,5.0
,,,5.0,,5.0
,,,5.0,,-2.0
,,,-2.0,,-2.0
,,,-2.0,,5.0
,,,5.0,,5.0
,,,5.0,,-2.0
,,,-2.0,,-2.0
,,,-2.0,,5.0
,,,5.0,,5.0
,,,5.0,,-2.0
,,,-2.0,,-2.0
,,,-2.0,,5.0
,,,5.0,,5.0
,,,5.0,,-2.0
,,,-2.0,,-2.0
,,,-2.0,,5.0
,,,5.0,,5.0
,,,5.0,,-2.0
,,,-2.0,,-2.0
,,,-2.0,,5.0
,,,5.0,,5.0
,,,5.0,,-2.0
,,,-2.0,,-2.0
,,,-2.0,,5.0
,,,5.0,,5.0
,,,5.0,,-2.0
,,,-2.0,,-2.0
,,,-2.0,,5.0
,,,5.0,,5.0
,,,5.0,,-2.0
,,,-2.0,,-2.0
,,,-2.0,,5.0
,,,5.0,,5.0
,,,5.0,,-2.0
,,,-2.0,,-2.0
,,,-2.0,,5.0
,,,5.0,,5.0
,,,5.0,,-2.0
,,,-2.0,,-2.0
,,,-2.0,,5.0
,,,5.0,,5.0
,,,5.0,,-2.0
,,,-2.0,,-2.0
,,,-2.0,,5.0
,,,5.0,,5.0
,,,5.0,,-2.0
,,,-2.0,,-2.0
,,,-2.0,,5.0
,,,5.0,,5.0
,,,5.0,,-2.0
,,,-2.0,,-2.0
,,,-2.0,,5.0
,,,5.0,,5.0
,,,5.0,,-2.0
,,,-2.0,,-2.0
,,,-2.0,,5.0
,,,5.0,,5.0
,,,5.0,,-2.0
,,,-2.0,,-2.0
,,,-2.0,,5.0
,,,5.0,,5.0
,,,5.0,,-2.0
,,,-2.0,,-2.0
,,,-2.0,,5.0
,,,5.0,,5.0
,,,5.0,,-2.0
,,,-2.0,,-2.0
,,,-2.0,,5.0
,,,5.0,,5.0
,,,5.0,,-2.0
,,,0.0,,-2.0
,,,-5.0,,-5.0
,,,-2.0,,-5.0
,,,-2.0,,-2.0
,,,-5.0,,-2.0
,,,-5.0,,-5.0
,,,-2.0,,-5.0
,,,-2.0,,-2.0
,,,-5.0,,-2.0
,,,-5.0,,-5.0
,,,-2.0,,-5.0
,,,-2.0,,-2.0
,,,-5.0,,-2.0
,,,-5.0,,-5.0
,,,-2.0,,-5.0
,,,-2.0,,-2.0
,,,-5.0,,-2.0
,,,-5.0,,-5.0
,,,-2.0,,-5.0
,,,-2.0,,-2.0
,,,-5.0,,-2.0
,,,-5.0,,-5.0
,,,-2.0,,-5.0
,,,-2.0,,-2.0
,,,-5.0,,-2.0
,,,-5.0,,-5.0
,,,-2.0,,-5.0
,,,-2.0,,-2.0
,,,-5.0,,-2.0
,,,-5.0,,-5.0
,,,-2.0,,-5.0
,,,-2.0,,-2.0
,,,-5.0,,-2.0
,,,-5.0,,-5.0
,,,-2.0,,-5.0
,,,-2.0,,-2.0
,,,-5.0,,-2.0
,,,-5.0,,-5.0
,,,-2.0,,-5.0
,,,-2.0,,-2.0
,,,-5.0,,-2.0
,,,-5.0,,-5.0
,,,-2.0,,-5.0
,,,-2.0,,-2.0
,,,-5.0,,-2.0
,,,-5.0,,-5.0
,,,-2.0,,-5.0
,,,-2.0,,-2.0
,,,-5.0,,-2.0
,,,-5.0,,-5.0
,,,-2.0,,-5.0
,,,-2.0,,-2.0
,,,-5.0,,-2.0
,,,-5.0,,-5.0
,,,-2.0,,-5.0
,,,-2.0,,-2.0
,,,-5.0,,
